user_id,age
1515,
1677,
4342,
6047,
6154,
6395,
6836,
7614,
8086,
8166,
8182,
8187,
8256,
8554,
8794,25.0
8873,
8943,
9010,23.0
9185,
9264,
10000,
10221,
10805,25.0
11668,
13024,23.0
13524,
14006,
14186,
17429,
17650,
17661,
18399,
19126,
19265,
19557,
19717,
20346,
20502,25.0
20900,23.0
21105,
21304,
21475,
21498,
21597,
21600,22.0
21652,
22079,9.0
22090,24.0
22791,
23022,
23099,
23302,
23929,
24036,
24251,
25286,
26158,
28712,24.0
29391,22.0
29499,23.0
29731,25.0
29824,27.0
29878,23.0
30555,22.0
30668,29.0
33016,26.0
33383,22.0
33589,22.0
34022,21.0
34296,25.0
34908,27.0
35540,26.0
37195,26.0
37209,26.0
37517,22.0
37602,23.0
37748,25.0
37750,22.0
37751,22.0
37876,22.0
38060,25.0
38571,21.0
39466,26.0
39862,21.0
40133,23.0
40163,51.0
40479,24.0
40925,27.0
41111,25.0
42017,26.0
42225,23.0
42664,22.0
43078,23.0
43453,22.0
45013,22.0
45230,26.0
45604,26.0
45615,21.0
45706,22.0
46066,26.0
46253,23.0
46283,25.0
49858,29.0
50156,26.0
54082,53.0
56301,28.0
56524,21.0
57039,27.0
57340,24.0
57680,35.0
57914,25.0
58066,21.0
60661,24.0
60937,23.0
60956,36.0
61368,21.0
62254,24.0
63259,28.0
63717,32.0
63986,28.0
64774,22.0
65202,21.0
65610,24.0
66397,25.0
66750,22.0
66944,24.0
67058,26.0
67931,20.0
68087,24.0
68974,27.0
69358,21.0
69568,22.0
69936,34.0
70607,21.0
70808,21.0
70950,22.0
71028,54.0
71145,21.0
71195,30.0
71250,23.0
71572,21.0
71645,25.0
72492,27.0
72562,21.0
72794,21.0
72826,21.0
72914,30.0
73262,21.0
73327,21.0
73410,21.0
73482,22.0
73494,23.0
73677,24.0
73707,21.0
73731,21.0
73738,24.0
73865,24.0
74084,21.0
74246,20.0
74428,22.0
74488,25.0
75349,41.0
75351,52.0
75559,22.0
75576,22.0
75705,21.0
75770,21.0
75796,24.0
75823,21.0
75945,21.0
76931,21.0
77171,50.0
77262,22.0
77472,21.0
77539,21.0
78202,20.0
78548,21.0
78875,33.0
79024,29.0
79163,23.0
79254,22.0
79374,21.0
79539,24.0
79768,21.0
80475,21.0
80690,50.0
80961,21.0
81272,24.0
81399,26.0
81804,21.0
82360,25.0
82612,23.0
82688,25.0
83544,21.0
83752,22.0
83855,21.0
84548,21.0
84701,25.0
84919,28.0
85148,20.0
85594,21.0
86283,21.0
86488,32.0
86880,21.0
86968,22.0
87481,23.0
87635,21.0
87743,22.0
87869,25.0
88114,23.0
88154,22.0
89226,26.0
90226,20.0
90249,22.0
90539,24.0
90841,21.0
90880,21.0
91041,29.0
91339,20.0
92103,21.0
92398,19.0
93185,25.0
93253,23.0
93489,25.0
93498,25.0
93602,20.0
94131,21.0
94291,24.0
94413,21.0
94754,21.0
95062,21.0
96566,25.0
96880,24.0
96950,24.0
97143,29.0
97363,29.0
97571,25.0
97697,4.0
98060,25.0
98129,16.0
98706,21.0
99364,22.0
99370,21.0
99777,21.0
100176,22.0
100226,34.0
100231,25.0
100235,31.0
100271,23.0
100402,26.0
105219,20.0
108554,20.0
108697,27.0
109153,27.0
109215,21.0
111603,20.0
111685,21.0
111800,21.0
112047,20.0
112048,21.0
112349,27.0
113035,26.0
113136,25.0
114843,24.0
115031,27.0
115476,27.0
115580,19.0
115854,24.0
116413,31.0
116438,20.0
117025,24.0
117297,21.0
118170,27.0
119070,21.0
120259,25.0
121266,23.0
121333,21.0
123568,29.0
123580,31.0
125552,34.0
126546,21.0
127264,23.0
128165,28.0
131380,24.0
132338,22.0
132383,25.0
132410,18.0
133255,23.0
133269,23.0
134275,27.0
135040,43.0
137830,19.0
138211,22.0
140098,24.0
141215,22.0
142857,21.0
144433,23.0
146495,21.0
146728,25.0
146917,26.0
147188,24.0
148360,24.0
148371,25.0
150026,21.0
156678,26.0
157324,29.0
159093,19.0
159247,20.0
159696,19.0
159880,24.0
161194,24.0
161705,25.0
162817,26.0
163107,34.0
165207,31.0
166246,23.0
166429,20.0
166524,23.0
169131,29.0
169933,28.0
170912,24.0
172099,25.0
174673,24.0
175154,23.0
175917,27.0
177505,23.0
177653,23.0
178284,24.0
180267,23.0
181045,24.0
181219,23.0
181230,27.0
181296,24.0
181297,20.0
182479,20.0
182510,21.0
182577,21.0
182798,20.0
183749,20.0
183850,23.0
184090,20.0
184289,20.0
184528,21.0
184656,24.0
184695,20.0
184994,24.0
185013,23.0
185021,21.0
185041,20.0
185201,23.0
185272,20.0
185755,21.0
185763,25.0
186246,21.0
186570,23.0
186598,20.0
186730,20.0
186841,18.0
186964,22.0
187340,21.0
187740,23.0
187746,20.0
187918,20.0
188076,
188130,21.0
188142,20.0
188575,21.0
188782,21.0
188803,22.0
189318,20.0
189357,20.0
189493,20.0
190198,32.0
190257,20.0
190346,21.0
191131,21.0
191219,20.0
191242,20.0
191294,19.0
191523,22.0
192620,21.0
192650,24.0
192692,22.0
192775,24.0
192851,24.0
193009,21.0
193029,20.0
193452,20.0
194399,23.0
195176,20.0
195676,20.0
195794,21.0
196399,21.0
196437,20.0
196951,20.0
196979,20.0
197232,20.0
197243,24.0
197678,30.0
198163,21.0
198212,27.0
198922,19.0
199193,26.0
199609,27.0
199732,21.0
199848,20.0
200401,26.0
200450,26.0
204191,20.0
205209,20.0
205965,24.0
206101,24.0
206532,20.0
206887,21.0
207351,20.0
209067,25.0
209809,20.0
210452,20.0
210954,
211432,20.0
211436,28.0
211489,21.0
211590,20.0
212220,24.0
213547,27.0
214088,21.0
215808,25.0
216526,19.0
216650,21.0
217285,27.0
217586,50.0
217700,20.0
219061,17.0
219309,26.0
219574,21.0
219600,21.0
219952,20.0
219976,20.0
220499,21.0
220550,20.0
220766,25.0
221072,20.0
222620,21.0
222652,21.0
222792,21.0
225027,16.0
225080,28.0
225348,25.0
225660,24.0
225840,20.0
226189,22.0
226563,23.0
228417,34.0
231920,20.0
233145,21.0
233322,25.0
233697,22.0
236028,24.0
238212,20.0
238230,19.0
238659,24.0
238821,19.0
238944,24.0
239511,24.0
240242,22.0
241060,19.0
242041,22.0
242112,21.0
243311,23.0
244666,19.0
245617,21.0
245855,20.0
245870,19.0
246087,21.0
246344,18.0
246407,19.0
246686,24.0
246788,20.0
246835,24.0
247473,21.0
248681,24.0
249386,20.0
249785,23.0
249874,21.0
251119,20.0
251224,20.0
251350,21.0
251990,27.0
252453,26.0
253520,20.0
253768,31.0
254094,25.0
254854,19.0
255201,23.0
255291,19.0
255295,19.0
255327,19.0
255340,19.0
255432,19.0
255453,23.0
255523,20.0
255624,20.0
255702,24.0
255822,28.0
257093,19.0
257752,48.0
257841,19.0
257853,19.0
259071,32.0
259733,19.0
260889,20.0
261629,21.0
262561,21.0
263282,20.0
263551,19.0
263959,19.0
264288,21.0
265516,44.0
267440,22.0
267887,20.0
268259,25.0
271246,21.0
271640,19.0
271703,20.0
273489,23.0
273951,20.0
274652,24.0
275017,18.0
275151,19.0
275998,18.0
276216,20.0
277210,18.0
277896,19.0
278218,29.0
278574,24.0
279302,27.0
280857,21.0
281253,20.0
282098,24.0
284542,48.0
284935,20.0
285323,18.0
285751,19.0
286007,21.0
287651,27.0
288564,22.0
289650,19.0
292154,22.0
293226,28.0
293483,19.0
294555,21.0
295453,23.0
296283,26.0
297618,21.0
297849,52.0
297851,53.0
302815,21.0
303941,23.0
305824,25.0
307276,26.0
307681,19.0
307683,19.0
308138,28.0
308741,25.0
308946,26.0
310671,19.0
310927,31.0
313997,20.0
314217,24.0
317298,28.0
318508,27.0
318509,28.0
318614,26.0
318738,19.0
322736,30.0
323281,23.0
325001,21.0
326057,25.0
326496,23.0
326646,24.0
327135,27.0
327399,19.0
327891,19.0
328323,23.0
328326,22.0
328432,19.0
328573,27.0
328617,20.0
328633,19.0
328662,34.0
328664,19.0
328714,19.0
328817,25.0
328832,19.0
328856,19.0
328864,19.0
328911,19.0
328921,19.0
329567,19.0
329697,19.0
329705,19.0
330007,19.0
330010,19.0
330070,19.0
330781,19.0
330791,19.0
330863,22.0
331387,20.0
331453,19.0
331508,19.0
331540,19.0
331694,26.0
332052,22.0
332220,19.0
332686,21.0
332825,19.0
332983,19.0
333402,19.0
333922,19.0
333927,19.0
334226,19.0
334254,34.0
334267,24.0
334983,20.0
334990,20.0
335242,33.0
335313,21.0
335314,24.0
335668,19.0
335736,20.0
335753,19.0
335911,20.0
336101,19.0
336463,19.0
338463,25.0
338604,22.0
339215,19.0
339507,19.0
339598,20.0
339712,22.0
339759,19.0
339762,19.0
339793,1.0
339807,20.0
340767,20.0
342061,20.0
342616,19.0
342908,19.0
342944,19.0
343130,19.0
343970,19.0
344541,19.0
344549,19.0
344914,24.0
345395,27.0
345455,19.0
345768,19.0
346115,23.0
346315,41.0
346338,20.0
347221,22.0
347762,20.0
349519,19.0
351059,27.0
351569,18.0
353454,20.0
354561,22.0
354569,21.0
355410,20.0
355484,19.0
355599,19.0
356418,15.0
356420,26.0
358219,23.0
358363,20.0
361070,25.0
362754,19.0
365002,20.0
365054,19.0
365958,18.0
366349,20.0
367170,18.0
367283,19.0
369236,21.0
370227,20.0
374382,24.0
375297,21.0
377431,20.0
377833,26.0
377997,19.0
380566,18.0
380634,21.0
380935,1.0
381486,19.0
384684,0.0
384773,19.0
385556,25.0
385558,37.0
386934,39.0
388991,21.0
389194,21.0
390071,19.0
392157,18.0
392346,19.0
392916,25.0
392951,18.0
393335,18.0
393452,15.0
394661,20.0
398593,19.0
399009,19.0
399590,21.0
402679,23.0
403441,19.0
403452,20.0
404815,43.0
406453,26.0
408353,19.0
409651,40.0
410338,19.0
410492,19.0
411621,20.0
412315,25.0
413064,24.0
413492,21.0
414440,24.0
418122,25.0
418605,18.0
419600,23.0
425664,29.0
425858,25.0
427446,27.0
427447,19.0
429016,19.0
429950,21.0
431477,19.0
433742,22.0
435047,19.0
435771,48.0
436831,23.0
436855,20.0
438814,20.0
440309,19.0
440399,22.0
440509,21.0
440543,21.0
442577,20.0
443120,18.0
443580,19.0
443979,18.0
444130,18.0
446045,19.0
447661,18.0
447916,24.0
447928,18.0
448001,18.0
449890,18.0
453302,25.0
453328,19.0
454202,22.0
455961,20.0
458979,26.0
460065,23.0
460808,20.0
463337,19.0
465146,18.0
465194,23.0
470230,20.0
471892,19.0
471894,23.0
477746,23.0
478112,20.0
480566,35.0
481778,31.0
482020,19.0
482388,18.0
485369,25.0
485421,14.0
485802,19.0
486653,25.0
487878,23.0
488872,22.0
490558,19.0
493053,18.0
493979,30.0
494177,28.0
495669,26.0
495674,31.0
499702,23.0
500536,37.0
500878,28.0
504618,18.0
505009,25.0
508228,19.0
509353,30.0
513005,25.0
513331,26.0
517850,17.0
517851,18.0
517876,18.0
518190,26.0
518756,49.0
520315,28.0
521452,18.0
521480,19.0
521610,26.0
525179,18.0
525976,28.0
529972,29.0
531314,27.0
531599,21.0
532899,24.0
533939,18.0
534163,32.0
534517,21.0
536839,26.0
537402,28.0
537746,29.0
538494,20.0
539425,23.0
541313,21.0
546152,26.0
546453,24.0
548227,31.0
548324,42.0
550589,23.0
551344,22.0
553226,40.0
556296,19.0
558161,24.0
562148,28.0
564587,37.0
564673,24.0
566095,21.0
568485,34.0
569571,22.0
570794,31.0
570820,33.0
573448,38.0
577468,19.0
577473,18.0
578320,18.0
579420,19.0
579460,21.0
579469,18.0
579483,18.0
579972,19.0
580212,20.0
581025,27.0
581472,18.0
581961,18.0
581980,19.0
582054,23.0
582067,19.0
582104,19.0
582624,18.0
582675,19.0
582694,18.0
582703,18.0
582790,18.0
582853,18.0
582975,29.0
583282,18.0
583928,31.0
584003,36.0
584116,18.0
584124,18.0
584169,21.0
584173,18.0
584430,18.0
584448,19.0
584451,18.0
584459,21.0
584460,18.0
584476,18.0
584479,18.0
584551,18.0
584613,19.0
584711,19.0
585383,18.0
585396,18.0
585681,19.0
585740,19.0
585858,18.0
585876,18.0
587900,24.0
588512,21.0
588669,18.0
590994,18.0
591245,18.0
591341,30.0
591373,18.0
591905,27.0
591916,31.0
592808,18.0
592815,18.0
592828,24.0
592919,46.0
593038,25.0
593287,38.0
593332,21.0
593576,38.0
593720,24.0
593755,27.0
593765,26.0
593782,26.0
593819,27.0
593852,27.0
593935,27.0
593976,30.0
594015,27.0
594019,27.0
594294,18.0
594834,21.0
594974,34.0
595010,28.0
595020,30.0
595054,36.0
595170,30.0
595199,30.0
595204,19.0
595220,26.0
595249,25.0
595295,22.0
595299,30.0
595332,32.0
595371,30.0
595412,29.0
595445,22.0
595571,21.0
595590,52.0
595900,22.0
595909,32.0
595913,18.0
596030,21.0
596031,24.0
596139,22.0
596437,21.0
596448,21.0
596461,19.0
596514,18.0
596524,52.0
596532,21.0
596634,18.0
596658,20.0
596666,26.0
596754,38.0
596768,34.0
596772,41.0
596822,29.0
596827,26.0
596839,26.0
596898,29.0
596924,44.0
596947,30.0
597085,33.0
597086,31.0
597101,23.0
597114,24.0
597133,28.0
597138,28.0
597207,24.0
597251,24.0
597258,30.0
597277,27.0
597289,28.0
597321,30.0
597351,25.0
597371,25.0
597463,38.0
597637,34.0
597690,50.0
597710,52.0
597716,21.0
597732,17.0
597779,25.0
597991,25.0
598133,25.0
598192,29.0
598292,29.0
598402,19.0
598410,28.0
598510,24.0
598719,24.0
598754,27.0
598775,29.0
598840,22.0
598928,29.0
598968,21.0
598988,41.0
599062,22.0
599378,18.0
599594,30.0
599613,35.0
599647,26.0
599649,35.0
599729,27.0
599801,19.0
599870,34.0
599898,40.0
415,
1635,
6662,
7176,
8038,
8874,
11601,23.0
20368,
20748,
20858,
21151,
22237,
23024,23.0
23413,
23999,
24815,
25598,
25605,
29660,24.0
30870,24.0
30926,24.0
31971,23.0
32213,23.0
32677,3.0
34621,27.0
35203,24.0
36179,22.0
36206,26.0
36361,23.0
36452,24.0
38413,24.0
38476,24.0
39340,27.0
39690,22.0
40829,24.0
41899,22.0
41917,25.0
44305,22.0
44989,21.0
44993,21.0
45068,21.0
45102,21.0
45145,25.0
45191,25.0
45463,21.0
45567,23.0
46337,21.0
46665,24.0
46666,21.0
47022,22.0
48207,25.0
48360,24.0
50862,21.0
50954,20.0
51289,28.0
53424,
54886,25.0
54906,21.0
55287,22.0
56091,21.0
56446,21.0
57893,21.0
58170,21.0
59414,27.0
60216,23.0
60856,21.0
61331,22.0
61358,21.0
61812,23.0
63098,26.0
65201,21.0
65329,21.0
65477,24.0
65620,21.0
65867,24.0
65941,21.0
66484,26.0
66811,20.0
66945,22.0
67274,21.0
67285,21.0
67811,26.0
68617,20.0
68910,24.0
68914,28.0
69390,21.0
69596,21.0
69671,21.0
69713,25.0
69809,24.0
70406,21.0
70553,21.0
71220,21.0
71240,21.0
71276,24.0
71277,21.0
71278,21.0
71329,21.0
71377,22.0
71592,21.0
71622,27.0
71632,21.0
71660,21.0
71688,25.0
71716,21.0
71746,21.0
72000,21.0
72324,21.0
72427,21.0
72557,25.0
72595,22.0
72734,21.0
72805,21.0
72859,21.0
72872,21.0
72878,21.0
72886,21.0
73170,21.0
73206,21.0
73212,21.0
73261,21.0
73305,21.0
73391,21.0
73413,21.0
73451,3.0
73476,22.0
73481,21.0
73531,21.0
73681,22.0
73688,21.0
73703,21.0
73706,31.0
73735,21.0
73910,22.0
73994,21.0
74427,25.0
74491,21.0
74534,21.0
74590,28.0
74677,21.0
74685,22.0
74982,22.0
75398,21.0
75560,21.0
75631,22.0
75819,21.0
75830,21.0
75904,22.0
75906,21.0
75916,21.0
76176,24.0
76212,21.0
76669,21.0
76692,21.0
76793,21.0
76807,21.0
77734,21.0
78167,24.0
78223,21.0
78445,20.0
78761,21.0
78914,21.0
79355,30.0
79459,23.0
80485,24.0
80810,22.0
80918,21.0
81374,21.0
81556,21.0
81859,21.0
82120,21.0
83366,21.0
83630,21.0
84270,21.0
84541,24.0
84938,20.0
85352,22.0
85614,21.0
86827,25.0
87205,21.0
87763,21.0
88229,26.0
88392,24.0
88409,25.0
88853,21.0
89088,21.0
89928,21.0
90926,20.0
91363,27.0
91437,20.0
92138,27.0
93079,21.0
94029,21.0
94065,22.0
94091,21.0
94145,23.0
94150,21.0
94258,24.0
94288,21.0
94640,21.0
94895,21.0
95698,21.0
96804,20.0
97304,25.0
98528,21.0
98768,21.0
99076,24.0
99365,22.0
100103,26.0
100378,21.0
102404,24.0
103516,21.0
103832,21.0
103838,21.0
105337,26.0
105585,21.0
107238,21.0
107936,21.0
108586,20.0
108598,21.0
109138,22.0
110531,27.0
110580,21.0
110943,20.0
111122,26.0
111131,20.0
111140,21.0
111583,21.0
111608,21.0
111614,24.0
111658,21.0
111686,21.0
111694,21.0
111755,20.0
111784,20.0
111788,20.0
111844,24.0
112035,20.0
113457,24.0
114361,22.0
114674,25.0
114827,21.0
114921,23.0
115067,21.0
116172,23.0
116372,21.0
117063,20.0
117595,20.0
117620,24.0
117784,21.0
118109,24.0
118387,21.0
118394,20.0
118702,25.0
118895,23.0
119119,21.0
120663,20.0
120699,20.0
120705,21.0
122583,25.0
122736,22.0
126465,22.0
128059,22.0
128739,21.0
130135,21.0
130706,21.0
131329,19.0
131630,21.0
131638,21.0
132535,21.0
132923,20.0
134958,19.0
135021,21.0
135023,21.0
138171,24.0
138182,21.0
138315,21.0
138851,20.0
141093,19.0
143932,21.0
144621,27.0
144721,23.0
145410,31.0
146404,24.0
146465,25.0
147690,23.0
148353,24.0
148362,24.0
149117,21.0
151248,21.0
151283,20.0
152613,21.0
153070,21.0
153920,20.0
154112,27.0
155661,21.0
157285,23.0
157464,24.0
158565,24.0
159688,25.0
160349,30.0
161266,19.0
161375,20.0
161402,20.0
161551,28.0
162354,21.0
163342,20.0
163343,21.0
163557,25.0
165609,23.0
166134,33.0
166167,30.0
166240,27.0
166353,25.0
166461,24.0
167972,24.0
168131,25.0
168525,21.0
168543,27.0
168928,24.0
169135,24.0
169138,23.0
169144,24.0
169253,29.0
169388,20.0
170520,54.0
172241,20.0
172290,21.0
173323,24.0
173982,21.0
174139,20.0
174213,21.0
175186,20.0
177766,21.0
178319,23.0
178815,23.0
178847,21.0
179422,24.0
181202,21.0
181305,21.0
182001,20.0
182164,21.0
182281,21.0
182529,25.0
182785,20.0
182791,20.0
182844,25.0
182915,20.0
183087,20.0
183139,20.0
183799,20.0
183816,21.0
183858,20.0
183885,20.0
183933,20.0
184199,20.0
184527,20.0
184574,23.0
184832,20.0
184922,21.0
184932,21.0
184981,21.0
185253,21.0
185263,22.0
185318,20.0
185717,20.0
185818,20.0
185821,20.0
185954,21.0
186018,20.0
186058,20.0
186962,20.0
187496,25.0
187569,21.0
187806,20.0
187823,21.0
188303,24.0
188650,21.0
189348,20.0
189352,20.0
189358,20.0
189462,20.0
189583,24.0
192797,30.0
192829,21.0
192978,20.0
192990,2.0
193087,28.0
193104,20.0
193438,21.0
193554,20.0
193917,20.0
194418,20.0
194464,21.0
194848,28.0
195553,23.0
195799,20.0
196154,23.0
196911,39.0
197487,20.0
197566,19.0
197610,23.0
197611,22.0
197724,23.0
198018,19.0
198752,22.0
199491,20.0
200287,20.0
200291,20.0
200682,20.0
200982,20.0
201622,24.0
201677,18.0
201986,20.0
203370,20.0
203466,23.0
203735,20.0
203759,21.0
204231,25.0
209079,20.0
209319,22.0
209595,23.0
210722,21.0
211618,20.0
211741,19.0
212998,18.0
213152,19.0
214154,23.0
214839,23.0
214852,21.0
216780,23.0
217349,20.0
217677,22.0
217783,21.0
217785,20.0
219003,24.0
219505,20.0
219514,20.0
219559,21.0
219915,21.0
220348,25.0
220876,18.0
220906,21.0
221876,27.0
222027,20.0
222158,23.0
223306,19.0
223453,20.0
223658,24.0
224197,23.0
224866,22.0
224872,22.0
226263,19.0
227276,22.0
227573,25.0
227575,20.0
227919,21.0
229739,13.0
230015,22.0
230168,19.0
230182,25.0
230186,28.0
231129,24.0
231860,26.0
232464,21.0
234281,20.0
234449,20.0
235259,22.0
235422,20.0
236160,24.0
237631,24.0
238516,21.0
238667,19.0
238691,19.0
239300,19.0
239664,25.0
240835,24.0
240969,31.0
241727,20.0
244321,23.0
245224,18.0
245743,20.0
245868,19.0
246601,21.0
247112,23.0
248201,22.0
249646,19.0
250021,20.0
251138,27.0
251145,26.0
252286,20.0
252542,20.0
254519,26.0
254800,19.0
254962,21.0
255024,19.0
255136,19.0
255367,20.0
255428,24.0
255430,19.0
255485,19.0
255577,19.0
255707,20.0
255971,22.0
256042,20.0
256070,22.0
256326,1.0
256561,19.0
257063,20.0
257347,23.0
257840,19.0
257970,19.0
257971,20.0
257980,19.0
258055,70.0
258096,19.0
258103,
258212,19.0
258480,21.0
258482,23.0
260867,20.0
260914,22.0
261172,26.0
261571,19.0
261844,24.0
263215,19.0
263917,20.0
265239,20.0
267525,19.0
267725,19.0
268061,20.0
268818,21.0
269825,24.0
269947,20.0
271043,20.0
274275,24.0
274343,23.0
276322,19.0
276653,22.0
279765,19.0
280309,19.0
281320,23.0
283060,19.0
283922,23.0
284689,19.0
284690,19.0
286751,25.0
287029,23.0
289881,23.0
293667,24.0
294339,23.0
294644,20.0
295525,31.0
296178,27.0
297578,24.0
297691,18.0
299148,24.0
299173,25.0
299757,21.0
300014,25.0
301069,29.0
302724,23.0
303502,26.0
304501,33.0
304623,27.0
306970,21.0
308203,19.0
309328,19.0
310027,19.0
312890,20.0
313991,22.0
314223,25.0
314231,18.0
316501,18.0
316823,24.0
319028,28.0
319111,20.0
319557,19.0
320500,19.0
320541,
321701,23.0
321932,18.0
321963,19.0
323124,18.0
323354,20.0
323683,20.0
323728,19.0
323737,19.0
323745,19.0
323767,19.0
323768,22.0
324905,20.0
325837,19.0
326271,23.0
327591,20.0
328304,19.0
328830,19.0
328861,22.0
328886,19.0
329278,20.0
329636,24.0
329824,18.0
330030,19.0
330031,33.0
330036,19.0
330551,20.0
330881,19.0
331074,24.0
331257,1.0
331353,25.0
331461,19.0
331469,25.0
331525,19.0
332527,20.0
332584,19.0
333361,23.0
333375,20.0
333815,19.0
333834,19.0
333914,22.0
334215,19.0
334356,19.0
334415,20.0
335712,19.0
336089,19.0
336099,25.0
336304,19.0
336514,19.0
336947,19.0
338420,19.0
338698,19.0
339707,19.0
340167,19.0
342871,19.0
342949,19.0
342957,25.0
343300,25.0
343855,18.0
344381,20.0
344786,20.0
348050,40.0
348879,19.0
349283,20.0
349646,19.0
353041,23.0
354641,29.0
355680,22.0
356545,23.0
356681,24.0
356937,19.0
357073,19.0
358222,20.0
359000,19.0
359850,19.0
364585,23.0
364589,23.0
365001,22.0
366026,19.0
366997,20.0
367005,20.0
367205,21.0
367301,21.0
368092,19.0
368596,19.0
369044,18.0
369791,23.0
372750,20.0
373564,19.0
374578,35.0
376424,20.0
377165,40.0
378687,19.0
380813,20.0
381205,20.0
384667,25.0
384709,38.0
385186,21.0
385192,20.0
385367,20.0
400587,19.0
402050,24.0
402981,23.0
402983,23.0
404783,22.0
410566,19.0
411488,23.0
411831,38.0
413539,24.0
414920,20.0
417404,18.0
423365,21.0
423540,21.0
424089,
424765,22.0
426173,33.0
427590,19.0
427756,20.0
428069,19.0
428559,19.0
428587,19.0
428590,19.0
428645,19.0
428787,20.0
428908,24.0
429078,20.0
429874,19.0
430093,19.0
430999,30.0
431478,19.0
431484,20.0
435480,24.0
441395,18.0
443562,19.0
443953,18.0
443995,18.0
444016,18.0
444319,18.0
444671,22.0
445609,19.0
445931,23.0
446351,19.0
446461,18.0
447641,21.0
447792,18.0
447795,18.0
448565,19.0
449470,19.0
450290,18.0
450925,22.0
451123,23.0
453318,20.0
453321,19.0
453335,19.0
453338,19.0
453384,24.0
453588,22.0
456614,20.0
456626,33.0
458304,19.0
459207,19.0
459950,21.0
460323,18.0
460895,21.0
461280,21.0
463162,26.0
463589,29.0
468689,24.0
469601,32.0
473023,19.0
475335,27.0
483936,20.0
484643,21.0
484887,25.0
487481,24.0
496947,24.0
498562,24.0
503138,18.0
504013,21.0
504273,30.0
505556,22.0
510731,39.0
513655,18.0
514164,18.0
518106,17.0
518341,18.0
519392,18.0
523929,
526767,25.0
527007,29.0
529626,38.0
531995,29.0
532003,29.0
533658,18.0
536376,22.0
537939,25.0
546809,23.0
547017,23.0
548189,26.0
551100,28.0
551234,25.0
551237,23.0
551545,22.0
551547,22.0
552093,18.0
556528,18.0
558440,18.0
561996,22.0
562052,22.0
562669,
562780,
564124,24.0
564563,25.0
566021,29.0
566473,25.0
566660,31.0
566713,18.0
568648,27.0
568751,31.0
570786,35.0
571262,18.0
572239,28.0
576272,26.0
578669,32.0
579480,18.0
579482,21.0
579506,22.0
580073,23.0
581928,18.0
582763,29.0
582951,18.0
583185,18.0
583801,18.0
583874,18.0
584015,18.0
584040,18.0
584192,18.0
584260,23.0
584320,25.0
584355,19.0
584449,18.0
584454,18.0
584471,18.0
584501,18.0
584621,31.0
584632,30.0
584948,22.0
584952,22.0
584960,22.0
584961,22.0
585026,25.0
585040,18.0
585344,19.0
585352,18.0
585437,22.0
585491,18.0
585515,18.0
585650,31.0
585776,23.0
585999,26.0
586083,22.0
586084,22.0
586119,32.0
586532,33.0
586543,32.0
586550,43.0
586552,40.0
586554,48.0
586673,23.0
586680,25.0
586683,23.0
586684,24.0
586703,23.0
586716,22.0
586718,22.0
586936,23.0
587636,24.0
587674,24.0
587713,24.0
587755,24.0
587935,22.0
588207,26.0
588377,21.0
588406,38.0
588510,25.0
588530,27.0
588945,22.0
589548,19.0
589997,6.0
590515,29.0
590595,29.0
590931,29.0
591011,24.0
591099,22.0
591140,36.0
591147,28.0
591148,28.0
591150,39.0
591151,27.0
591153,36.0
591162,29.0
591163,35.0
591193,28.0
591336,21.0
591353,19.0
591397,24.0
591401,24.0
591402,24.0
591404,27.0
591414,27.0
591625,23.0
591753,34.0
591832,27.0
591871,48.0
591888,24.0
591890,27.0
591960,24.0
592038,21.0
592040,24.0
592117,20.0
592168,23.0
592295,25.0
592305,27.0
592307,25.0
592308,25.0
592367,24.0
592374,23.0
592391,25.0
592413,27.0
592426,19.0
592427,19.0
592430,19.0
592433,19.0
592448,21.0
592452,21.0
592453,20.0
592454,20.0
592457,20.0
592458,18.0
592459,20.0
592480,20.0
592482,18.0
592488,20.0
592491,22.0
592509,21.0
592527,29.0
592530,29.0
592539,24.0
592540,26.0
592541,0.0
592542,26.0
592546,22.0
592550,22.0
592568,18.0
592572,22.0
592576,20.0
592578,25.0
592582,19.0
592583,22.0
592587,22.0
592595,24.0
592597,18.0
592605,21.0
592607,20.0
592608,19.0
592610,18.0
592611,21.0
592612,19.0
592613,19.0
592615,20.0
592617,21.0
592618,20.0
592619,19.0
592620,20.0
592621,18.0
592623,19.0
592624,21.0
592625,18.0
592628,18.0
592631,18.0
592633,18.0
592634,18.0
592636,18.0
592640,19.0
592646,18.0
592648,18.0
592649,21.0
592650,23.0
592651,21.0
592652,19.0
592653,21.0
592654,20.0
592658,21.0
592673,21.0
592690,22.0
592700,21.0
592809,18.0
592889,21.0
592905,23.0
592915,29.0
592942,31.0
593312,24.0
593938,34.0
594055,27.0
594144,31.0
594146,31.0
594271,18.0
594405,18.0
594552,28.0
594596,44.0
594707,24.0
594983,24.0
594997,32.0
594998,29.0
595092,26.0
595113,39.0
595221,39.0
595223,34.0
595256,21.0
595264,30.0
595334,42.0
9486,
21133,
24283,
24289,
24427,
26570,
28055,
29913,22.0
29916,22.0
31941,21.0
37250,22.0
38387,22.0
38389,22.0
38390,21.0
39320,26.0
39346,20.0
39357,26.0
39459,22.0
39926,35.0
40118,24.0
40124,27.0
40929,26.0
41920,24.0
42630,25.0
45008,21.0
45395,21.0
45406,3.0
46280,22.0
47543,25.0
53576,26.0
55872,21.0
57219,22.0
57698,21.0
58398,21.0
59098,21.0
60209,18.0
60800,22.0
60801,21.0
61160,21.0
61328,21.0
62533,25.0
63763,22.0
64437,22.0
65176,21.0
67023,22.0
67115,22.0
67278,21.0
67289,25.0
69193,21.0
69561,21.0
69664,21.0
70555,21.0
70556,21.0
71079,21.0
71128,22.0
71162,21.0
71198,22.0
71213,21.0
71272,21.0
71273,22.0
71280,21.0
71400,3.0
71486,22.0
71623,21.0
71673,21.0
71685,22.0
71692,22.0
71710,3.0
71719,21.0
71991,21.0
72302,21.0
72486,21.0
72523,21.0
72579,25.0
72610,21.0
72630,21.0
72639,21.0
72665,21.0
72702,21.0
72733,22.0
72811,22.0
72849,21.0
72920,22.0
73096,21.0
73104,21.0
73250,22.0
73292,26.0
73298,21.0
73411,21.0
73412,21.0
73414,21.0
73415,21.0
73418,21.0
73420,21.0
73458,21.0
73684,20.0
73845,21.0
73861,21.0
73862,22.0
73947,21.0
73990,21.0
73995,24.0
74054,21.0
74080,21.0
74090,21.0
74637,19.0
74638,25.0
75577,21.0
75798,25.0
75799,24.0
75804,24.0
75805,21.0
75905,21.0
75915,21.0
76277,21.0
76428,21.0
76452,21.0
76943,21.0
77091,21.0
78040,22.0
78451,20.0
78480,20.0
78908,21.0
78935,21.0
78982,21.0
78988,21.0
81447,24.0
81812,21.0
82782,18.0
82837,25.0
82842,26.0
83105,21.0
83115,20.0
84067,21.0
84543,21.0
84695,21.0
85169,22.0
86516,21.0
86522,21.0
86746,25.0
86888,24.0
87771,25.0
87956,24.0
87958,23.0
89577,21.0
89747,24.0
90458,18.0
90871,22.0
91165,22.0
91304,25.0
91480,21.0
91786,22.0
92908,21.0
94062,21.0
94063,22.0
97956,25.0
98592,21.0
98670,21.0
98823,20.0
98927,24.0
100813,23.0
103805,20.0
104650,20.0
105108,21.0
105335,21.0
105475,21.0
107461,23.0
107554,21.0
107797,25.0
108573,25.0
108602,20.0
108721,19.0
110945,21.0
111106,21.0
111113,25.0
111144,25.0
111625,20.0
111630,20.0
111638,22.0
111641,20.0
111644,20.0
111673,20.0
111730,20.0
111759,20.0
111768,20.0
111785,20.0
111794,20.0
111963,20.0
112721,25.0
113451,25.0
114925,24.0
115279,21.0
115849,20.0
115862,24.0
115907,21.0
115990,22.0
117271,23.0
117667,20.0
117800,24.0
118386,21.0
119768,20.0
120439,21.0
120707,22.0
120742,20.0
121094,24.0
121454,21.0
121464,18.0
121673,20.0
122561,20.0
123713,20.0
124521,22.0
126245,20.0
126984,21.0
127474,20.0
127475,20.0
128166,20.0
129730,21.0
131211,24.0
131529,26.0
131690,21.0
134717,24.0
137035,20.0
137548,20.0
139145,20.0
139583,20.0
140523,23.0
140526,20.0
141302,21.0
142511,20.0
144640,20.0
148260,21.0
149044,24.0
149711,21.0
151977,20.0
152079,23.0
152880,23.0
153895,24.0
154232,20.0
157265,20.0
158153,24.0
159942,19.0
160684,23.0
161009,23.0
161094,19.0
161195,25.0
161241,19.0
161315,18.0
161859,25.0
161910,47.0
163485,21.0
164323,20.0
164629,20.0
165500,21.0
165524,20.0
166017,20.0
166117,18.0
166327,25.0
166375,18.0
166407,25.0
166422,19.0
166431,20.0
167238,20.0
167472,20.0
168405,20.0
168445,25.0
169384,20.0
169391,20.0
169435,25.0
169449,21.0
170073,20.0
170076,20.0
170299,25.0
171392,21.0
172133,19.0
173030,20.0
173807,22.0
174191,20.0
175500,20.0
176429,19.0
176481,33.0
176942,20.0
178061,18.0
178237,25.0
178445,20.0
178452,23.0
178889,21.0
178898,20.0
179329,22.0
179868,20.0
180122,18.0
180274,21.0
180328,20.0
180770,21.0
181207,20.0
181674,23.0
181759,23.0
181845,24.0
182842,20.0
182843,19.0
183070,24.0
183229,20.0
183424,20.0
183707,20.0
183796,20.0
183811,25.0
183818,20.0
183870,20.0
184015,21.0
184229,20.0
184262,19.0
184274,20.0
184777,20.0
184807,21.0
184830,20.0
184868,20.0
184878,21.0
185017,20.0
185055,20.0
185230,24.0
185259,20.0
185262,20.0
185275,20.0
185281,20.0
185357,20.0
185909,20.0
185938,20.0
185939,29.0
185948,20.0
185988,19.0
186308,20.0
186318,18.0
186397,20.0
186439,21.0
186561,20.0
186568,20.0
186706,20.0
186707,20.0
187684,20.0
187866,21.0
188768,21.0
188771,20.0
188775,20.0
189360,20.0
189372,20.0
189391,21.0
189396,20.0
189537,20.0
189572,20.0
190694,21.0
190798,20.0
190967,21.0
191287,22.0
191661,22.0
192522,20.0
192591,20.0
193503,20.0
193803,25.0
193957,51.0
194042,20.0
194207,20.0
195414,21.0
195791,20.0
196011,20.0
196033,20.0
196840,19.0
196889,24.0
197032,20.0
197035,24.0
198301,24.0
198457,21.0
200010,20.0
200027,20.0
200943,24.0
203407,22.0
203677,20.0
203810,20.0
205098,20.0
205701,19.0
205943,18.0
206640,20.0
206650,25.0
206660,20.0
207796,26.0
208018,18.0
209259,20.0
209919,21.0
210222,20.0
210238,21.0
211156,18.0
212426,18.0
212627,19.0
213134,19.0
213247,18.0
213288,31.0
213760,20.0
213781,20.0
217651,20.0
218254,20.0
219637,20.0
220681,20.0
221217,20.0
223168,22.0
223543,18.0
223638,23.0
223714,20.0
223721,20.0
224407,18.0
225038,25.0
225180,20.0
225190,25.0
225199,27.0
226869,22.0
227561,20.0
228299,18.0
229829,20.0
229833,30.0
230020,21.0
230230,20.0
230574,19.0
230898,19.0
231461,20.0
231499,24.0
231887,19.0
232123,20.0
232295,26.0
232425,20.0
232816,23.0
233166,21.0
233430,21.0
233633,21.0
234337,19.0
235058,20.0
235218,21.0
235524,24.0
235728,20.0
236762,18.0
237958,25.0
237996,21.0
238161,19.0
238467,18.0
238556,18.0
239281,19.0
239313,21.0
239440,23.0
239618,19.0
239648,24.0
239721,20.0
239740,18.0
240226,21.0
241104,23.0
241889,19.0
242249,20.0
242422,19.0
242528,25.0
242532,18.0
242602,20.0
243590,19.0
243919,25.0
244222,25.0
244802,23.0
245731,20.0
246117,19.0
246287,20.0
246374,20.0
246400,19.0
246560,18.0
246694,20.0
248355,20.0
248857,24.0
249820,20.0
250509,18.0
250831,20.0
250868,20.0
250875,20.0
251330,23.0
251617,19.0
251783,36.0
253147,20.0
253250,19.0
253909,21.0
254000,22.0
254778,19.0
254807,19.0
255026,20.0
255041,19.0
255138,21.0
255158,19.0
255245,19.0
255369,19.0
255398,20.0
255465,32.0
255468,25.0
255478,20.0
255535,24.0
255604,21.0
256359,19.0
256375,20.0
256420,19.0
256448,20.0
256972,18.0
257199,25.0
257830,19.0
257968,20.0
257976,20.0
257982,19.0
258051,29.0
258060,19.0
258061,24.0
258180,19.0
258193,20.0
258424,19.0
258533,20.0
258559,19.0
258602,24.0
258707,19.0
258723,23.0
258742,19.0
258762,19.0
258963,19.0
259459,20.0
259685,19.0
260527,19.0
260581,19.0
261144,25.0
261149,19.0
261360,21.0
262281,18.0
263693,19.0
265232,19.0
268288,19.0
268641,19.0
268885,19.0
268918,19.0
269944,19.0
271131,21.0
275203,24.0
275204,25.0
275226,24.0
275227,26.0
278299,19.0
278390,35.0
278394,36.0
278416,25.0
278536,24.0
278582,24.0
278815,21.0
278831,21.0
280795,19.0
280933,22.0
281004,19.0
282007,23.0
282578,23.0
283389,19.0
284050,21.0
284724,19.0
285198,19.0
285479,20.0
286130,25.0
287089,19.0
288969,21.0
288983,18.0
289038,19.0
289256,19.0
289797,22.0
291598,19.0
291712,19.0
292141,1.0
292416,19.0
292993,22.0
293347,19.0
294652,24.0
295174,18.0
295290,18.0
295541,19.0
297907,25.0
300274,19.0
300275,19.0
300335,19.0
301469,20.0
301807,54.0
302198,20.0
308201,24.0
308579,20.0
310016,20.0
310025,19.0
310388,20.0
310815,20.0
310854,19.0
311756,20.0
311896,22.0
316686,19.0
316712,24.0
319597,19.0
320861,24.0
321004,25.0
321521,1.0
322156,21.0
322522,20.0
323725,19.0
328113,18.0
328163,19.0
328307,22.0
328329,19.0
328330,19.0
328332,19.0
328334,20.0
328335,19.0
328343,25.0
328402,20.0
328434,19.0
328663,23.0
328682,20.0
328835,19.0
328854,19.0
328869,19.0
328880,20.0
328904,19.0
329609,19.0
329858,19.0
329861,19.0
329863,19.0
330038,19.0
330051,22.0
330555,19.0
330926,20.0
330957,19.0
331066,19.0
331075,24.0
331080,23.0
331094,23.0
331198,19.0
331201,19.0
331289,19.0
331323,19.0
331338,19.0
331470,19.0
331910,19.0
332170,19.0
332352,19.0
332478,19.0
332485,20.0
333014,22.0
333284,19.0
333297,19.0
333298,19.0
333362,19.0
333453,19.0
334168,21.0
334421,19.0
335143,20.0
336088,19.0
336188,19.0
336470,19.0
336474,19.0
337371,20.0
337813,19.0
338603,23.0
338606,19.0
339114,23.0
339412,18.0
339438,18.0
342626,19.0
342730,25.0
342969,19.0
343031,23.0
343071,19.0
343361,19.0
343837,19.0
343962,25.0
344051,21.0
344825,19.0
344897,23.0
345398,27.0
345506,22.0
346908,22.0
347065,19.0
349661,24.0
350015,19.0
350412,20.0
350728,18.0
350921,19.0
351052,19.0
355432,19.0
356020,19.0
359556,18.0
364377,26.0
366227,18.0
367104,19.0
367744,18.0
368325,19.0
368602,19.0
370551,19.0
371804,18.0
374267,20.0
374343,18.0
374605,18.0
375718,19.0
375747,20.0
377009,20.0
378253,22.0
380766,21.0
381133,20.0
383873,18.0
384522,19.0
386532,18.0
389431,19.0
389634,19.0
393545,23.0
393623,24.0
396268,22.0
399746,19.0
400561,22.0
404341,19.0
407115,19.0
409422,22.0
410348,19.0
413015,19.0
413209,20.0
413709,22.0
417758,19.0
418731,19.0
419669,20.0
421382,18.0
421449,18.0
423576,19.0
424798,18.0
426263,24.0
426637,19.0
427979,19.0
428032,19.0
430206,18.0
431103,18.0
432105,18.0
434702,18.0
435178,25.0
435588,23.0
435631,18.0
435654,18.0
435775,19.0
436298,22.0
437782,18.0
440262,19.0
441610,19.0
442630,24.0
442693,18.0
442868,18.0
443182,18.0
443232,
443249,19.0
443369,0.0
443469,19.0
443833,18.0
443834,19.0
443938,22.0
443976,19.0
443983,18.0
443994,18.0
444002,18.0
444006,19.0
444037,18.0
444039,18.0
444040,25.0
444043,18.0
444074,0.0
444149,19.0
444209,18.0
444263,18.0
444410,19.0
445106,18.0
445743,18.0
445936,18.0
446046,18.0
446678,18.0
446685,18.0
446686,18.0
447692,25.0
447769,31.0
447968,26.0
448016,28.0
448017,25.0
448018,18.0
448271,19.0
448448,19.0
448548,18.0
448575,18.0
448690,20.0
448869,19.0
449146,18.0
449216,18.0
449820,18.0
449933,18.0
450799,19.0
450887,19.0
453214,18.0
453220,18.0
453331,18.0
453339,19.0
453353,18.0
453590,22.0
453726,18.0
454243,25.0
454904,18.0
455428,18.0
456080,18.0
459916,19.0
461188,18.0
462240,19.0
464077,19.0
467850,18.0
468680,18.0
470959,18.0
471557,18.0
472638,19.0
473782,22.0
473900,18.0
474161,18.0
475255,22.0
475511,19.0
475844,21.0
475955,18.0
479873,19.0
480945,19.0
483712,18.0
489166,19.0
491093,22.0
491637,18.0
491641,18.0
491687,19.0
491781,18.0
491798,18.0
492174,18.0
494266,19.0
496100,19.0
499574,18.0
504840,18.0
507077,18.0
507506,27.0
508429,22.0
510468,18.0
510469,18.0
518055,20.0
521041,21.0
521357,18.0
523155,18.0
524018,
524590,20.0
525801,23.0
526040,19.0
526150,18.0
527280,18.0
528252,18.0
529492,19.0
531254,18.0
532997,18.0
533022,18.0
533937,17.0
534350,19.0
539403,18.0
540767,18.0
540808,17.0
541150,19.0
541170,19.0
541864,18.0
545217,19.0
546167,25.0
546497,25.0
547086,18.0
548315,24.0
549786,18.0
549927,21.0
550575,0.0
551666,18.0
556336,18.0
557925,18.0
561262,18.0
564255,18.0
571294,19.0
571777,18.0
575192,19.0
576997,18.0
577006,18.0
577191,18.0
577372,22.0
577400,23.0
577472,18.0
579397,19.0
579477,18.0
579478,19.0
579490,18.0
579519,18.0
581188,18.0
581197,18.0
581265,18.0
581270,18.0
581294,18.0
581355,18.0
581382,18.0
581397,23.0
581401,18.0
581412,18.0
581437,18.0
581439,18.0
582004,18.0
582069,18.0
582112,22.0
582361,21.0
582750,22.0
582781,18.0
582784,18.0
582795,17.0
583009,17.0
583211,24.0
583215,19.0
583218,18.0
583220,18.0
583228,19.0
583264,18.0
583274,18.0
583286,24.0
583589,19.0
583606,20.0
583643,18.0
583655,18.0
583816,18.0
584018,18.0
584020,18.0
584022,18.0
584028,18.0
584032,18.0
584036,18.0
584440,21.0
584447,18.0
584490,18.0
584606,18.0
584610,22.0
584851,19.0
585103,19.0
585170,18.0
585199,18.0
585207,25.0
585240,18.0
585243,18.0
585276,19.0
585280,18.0
585364,18.0
585369,18.0
585387,21.0
585507,18.0
585613,19.0
586210,18.0
587269,18.0
587380,18.0
587556,20.0
588557,18.0
588632,18.0
588663,18.0
589793,22.0
592810,18.0
592812,18.0
592813,18.0
592814,18.0
592833,24.0
592853,19.0
593223,24.0
593227,25.0
593315,25.0
593499,20.0
593507,18.0
593737,24.0
593956,31.0
593959,29.0
593960,28.0
593961,28.0
593969,32.0
593972,31.0
593977,31.0
594002,18.0
594153,22.0
594162,30.0
594167,31.0
594190,30.0
594195,32.0
594276,21.0
594292,19.0
594296,18.0
594389,25.0
594399,19.0
594407,18.0
594427,18.0
594428,18.0
594448,22.0
594455,18.0
594457,21.0
594555,19.0
594556,18.0
594559,23.0
594568,19.0
594577,18.0
594581,18.0
594588,18.0
8047,
12990,
20834,
21316,
22633,
25679,
26869,
27072,
27447,
27470,
32051,22.0
32409,22.0
32440,22.0
32815,22.0
32816,22.0
36477,25.0
38522,25.0
41556,24.0
41634,21.0
41946,21.0
42419,21.0
44820,22.0
45027,21.0
45114,25.0
45141,41.0
45394,25.0
45713,26.0
45751,22.0
46342,21.0
46345,21.0
46426,21.0
46706,21.0
46991,25.0
47301,22.0
47401,25.0
47455,24.0
53372,21.0
53413,21.0
54070,20.0
55434,25.0
56138,24.0
56399,21.0
57474,22.0
58039,21.0
58202,21.0
58771,21.0
59060,21.0
59126,21.0
60409,24.0
60559,25.0
61159,21.0
61337,21.0
61367,21.0
61369,21.0
61370,25.0
61815,21.0
63298,22.0
63478,21.0
63661,21.0
63662,21.0
63665,21.0
63848,23.0
64092,22.0
64862,23.0
65198,21.0
65204,25.0
65205,23.0
65210,21.0
65814,26.0
66678,24.0
67002,21.0
68861,21.0
69062,24.0
69318,22.0
69571,21.0
69683,20.0
70145,21.0
70693,21.0
70750,21.0
71081,24.0
71082,21.0
71097,21.0
71134,21.0
71142,22.0
71147,21.0
71194,21.0
71244,21.0
71282,21.0
71326,21.0
71331,21.0
71389,25.0
71452,25.0
71603,21.0
71614,21.0
71634,30.0
71646,21.0
71653,21.0
71686,21.0
71687,22.0
71689,22.0
71705,21.0
71715,21.0
71735,21.0
72124,21.0
72330,21.0
72450,21.0
72680,22.0
72754,21.0
72772,21.0
72823,21.0
72978,21.0
73255,21.0
73263,21.0
73288,21.0
73302,21.0
73303,21.0
73307,21.0
73433,21.0
73434,21.0
73477,21.0
73671,21.0
73672,21.0
73674,21.0
73689,22.0
73719,3.0
73730,21.0
73848,21.0
73892,21.0
74023,26.0
74043,21.0
74075,22.0
74131,25.0
75571,21.0
75659,21.0
75664,21.0
75854,21.0
75965,21.0
76248,20.0
76679,21.0
76990,23.0
77093,21.0
77547,21.0
77594,21.0
78078,21.0
78203,25.0
78219,20.0
78979,22.0
79215,21.0
79219,21.0
79265,21.0
80705,21.0
80829,21.0
81534,24.0
81538,21.0
81543,20.0
81603,22.0
81682,25.0
81919,26.0
82735,26.0
82836,27.0
82841,6.0
83395,21.0
83475,22.0
83751,19.0
83890,24.0
83893,21.0
84549,21.0
85744,21.0
85791,21.0
86523,21.0
86698,21.0
87458,24.0
88542,21.0
88619,23.0
89113,21.0
89278,21.0
89306,21.0
89642,21.0
89914,21.0
90417,19.0
90778,22.0
91326,20.0
91391,21.0
91424,25.0
91588,21.0
92644,22.0
93191,21.0
93688,21.0
94548,20.0
97826,25.0
98709,79.0
98733,21.0
98824,20.0
99277,21.0
99798,21.0
99860,21.0
104979,26.0
106514,21.0
107588,21.0
107820,25.0
108004,21.0
108250,27.0
109576,21.0
110029,22.0
111116,20.0
111125,20.0
111610,21.0
111619,20.0
111663,20.0
111672,20.0
111698,20.0
111765,20.0
111777,20.0
111781,20.0
111782,20.0
111817,24.0
111874,20.0
112842,20.0
114692,21.0
115843,21.0
117055,23.0
117269,20.0
117422,21.0
117423,21.0
117508,25.0
117597,20.0
117641,25.0
117737,20.0
117802,23.0
117937,20.0
118024,20.0
118392,20.0
118433,21.0
120648,20.0
120747,20.0
120749,20.0
121453,20.0
123245,20.0
126537,20.0
127812,2.0
131563,20.0
131699,21.0
132965,21.0
134101,21.0
134980,20.0
137401,21.0
140119,20.0
140221,20.0
140305,20.0
141282,21.0
141421,21.0
141576,21.0
142397,21.0
143303,20.0
144764,21.0
146410,25.0
149047,24.0
149048,24.0
151121,20.0
151177,21.0
151231,20.0
151818,21.0
151826,20.0
153862,21.0
154583,21.0
154594,20.0
154973,19.0
156255,20.0
156277,20.0
156407,23.0
156443,24.0
157692,21.0
160735,23.0
160793,21.0
161632,28.0
161858,20.0
162241,20.0
162641,24.0
163707,20.0
164376,20.0
164706,26.0
164857,29.0
165325,20.0
167035,22.0
168427,21.0
169486,20.0
169567,26.0
170419,20.0
171338,20.0
172254,20.0
172893,21.0
174923,20.0
175168,20.0
176555,25.0
176563,20.0
177469,19.0
178320,19.0
179328,21.0
179349,21.0
179809,23.0
179879,20.0
179896,19.0
179897,20.0
179899,20.0
179900,20.0
179996,25.0
180017,20.0
181119,20.0
181891,19.0
181897,19.0
182551,20.0
182560,20.0
182565,20.0
182784,20.0
182792,20.0
182795,20.0
182912,20.0
182913,20.0
182936,19.0
183031,21.0
183061,20.0
183091,21.0
183092,20.0
183198,20.0
183527,20.0
183701,20.0
183721,20.0
183722,20.0
183748,20.0
183856,20.0
183884,21.0
184037,20.0
184053,20.0
184111,20.0
184200,20.0
184202,20.0
184207,20.0
184226,20.0
184244,20.0
184654,20.0
184770,20.0
184798,21.0
184860,24.0
184871,19.0
184902,20.0
185676,21.0
185959,21.0
185973,20.0
186038,20.0
186547,2.0
186996,20.0
187310,20.0
187347,23.0
187450,20.0
187563,21.0
188501,20.0
188505,20.0
188506,20.0
188509,20.0
188515,19.0
188543,20.0
188550,20.0
188555,25.0
188556,20.0
188557,20.0
188769,20.0
188774,20.0
189212,22.0
189376,22.0
189502,23.0
189590,20.0
189603,22.0
189612,23.0
189682,21.0
190834,20.0
190835,20.0
191278,20.0
191833,19.0
192560,20.0
192564,20.0
192585,20.0
192621,21.0
192649,21.0
193088,20.0
193263,20.0
193265,20.0
193278,20.0
193286,20.0
193289,20.0
193469,21.0
193797,20.0
193804,20.0
194338,24.0
194380,24.0
194417,20.0
195287,21.0
195329,20.0
195375,24.0
195487,20.0
195531,21.0
195592,20.0
195652,21.0
195793,21.0
196426,20.0
197225,23.0
197317,20.0
197587,20.0
197855,25.0
197914,20.0
198178,30.0
198206,20.0
198794,23.0
199349,20.0
199546,22.0
199547,22.0
199731,20.0
199781,21.0
199909,21.0
200241,20.0
200290,20.0
200399,28.0
200709,21.0
201005,20.0
203747,20.0
205403,20.0
206057,20.0
206661,25.0
206967,20.0
208089,19.0
208777,20.0
208965,20.0
209095,20.0
209218,20.0
209343,20.0
211339,24.0
212270,20.0
212852,20.0
212879,20.0
214459,19.0
214718,20.0
215541,20.0
217228,21.0
219386,20.0
220003,21.0
221464,24.0
221499,22.0
221972,21.0
222161,21.0
222727,20.0
223138,25.0
223846,20.0
225040,23.0
225553,2.0
225908,21.0
226044,20.0
227536,20.0
227642,20.0
228945,19.0
228995,21.0
230059,33.0
230219,19.0
230575,22.0
232540,27.0
233212,20.0
233546,22.0
235125,20.0
235149,20.0
236557,26.0
237087,20.0
237867,23.0
240935,19.0
242546,20.0
242897,20.0
244411,20.0
245594,21.0
245783,20.0
245966,20.0
245986,19.0
246041,24.0
246216,20.0
247136,23.0
247941,20.0
248415,20.0
248579,18.0
250342,20.0
250493,20.0
251735,19.0
252819,21.0
252849,22.0
254741,20.0
254777,19.0
254958,20.0
255135,19.0
255214,20.0
255232,21.0
255246,20.0
255248,20.0
255269,19.0
255375,19.0
255393,19.0
255427,19.0
255458,19.0
255477,19.0
255602,19.0
255688,20.0
255742,23.0
256362,19.0
256422,19.0
256449,19.0
257029,19.0
257174,19.0
257204,19.0
257843,19.0
257846,19.0
258053,19.0
258054,19.0
258056,19.0
258058,29.0
258059,24.0
258085,20.0
258090,27.0
258092,19.0
258093,106.0
258094,19.0
258095,19.0
258097,19.0
258098,18.0
258106,19.0
258192,19.0
258194,23.0
258195,19.0
258213,18.0
258249,20.0
258264,19.0
258321,19.0
258374,19.0
258387,19.0
258562,25.0
258564,19.0
258673,23.0
259395,19.0
259694,19.0
260635,19.0
260675,20.0
261058,19.0
261197,19.0
261282,19.0
261408,19.0
261569,20.0
261960,19.0
262552,23.0
262749,20.0
262843,20.0
264497,22.0
264691,19.0
265359,18.0
267334,25.0
268225,20.0
268240,19.0
268286,19.0
269750,20.0
269820,21.0
269821,21.0
269838,20.0
270043,21.0
271563,20.0
273822,20.0
274004,20.0
274298,19.0
275154,18.0
276332,20.0
276335,20.0
276823,20.0
276824,20.0
278005,20.0
278020,20.0
279073,47.0
279405,20.0
280827,22.0
282309,20.0
283067,25.0
284011,20.0
285264,20.0
285949,20.0
286870,22.0
286994,21.0
287213,20.0
287214,19.0
287745,18.0
289982,22.0
292411,19.0
294086,21.0
295118,23.0
295696,25.0
296698,23.0
297667,19.0
300000,19.0
301263,19.0
301481,19.0
301548,19.0
301938,19.0
302984,25.0
304631,19.0
305560,19.0
306785,19.0
307211,21.0
308172,25.0
309447,20.0
309546,23.0
310429,21.0
310447,19.0
310730,18.0
312492,19.0
314395,26.0
318451,26.0
319218,20.0
319432,19.0
319825,19.0
321128,24.0
321177,21.0
321330,20.0
321666,19.0
322506,18.0
323294,19.0
323710,19.0
323760,20.0
323766,19.0
323834,19.0
323952,19.0
324331,22.0
324554,19.0
325783,19.0
325790,19.0
326463,23.0
327893,19.0
327989,22.0
328619,19.0
328805,19.0
328810,19.0
328819,23.0
328837,19.0
328838,19.0
328855,18.0
328858,20.0
328865,19.0
328878,20.0
328879,19.0
328885,19.0
328893,19.0
328896,19.0
328897,19.0
328907,19.0
328908,19.0
328909,19.0
329670,19.0
329671,1.0
329672,20.0
329857,22.0
329859,19.0
329862,19.0
329885,19.0
329892,19.0
330017,19.0
330037,19.0
330039,19.0
330040,19.0
330050,19.0
330557,20.0
330559,19.0
330608,22.0
330667,19.0
330746,23.0
330747,22.0
330769,19.0
330885,19.0
330891,19.0
330895,19.0
331030,24.0
331035,19.0
331037,19.0
331113,19.0
331152,27.0
331173,19.0
331210,19.0
331213,20.0
331416,26.0
331426,19.0
331431,19.0
331435,20.0
331452,23.0
331457,19.0
331463,20.0
331465,18.0
331535,19.0
331536,20.0
331579,20.0
331596,23.0
332064,19.0
332448,20.0
332475,24.0
332736,22.0
332927,19.0
332935,19.0
333098,19.0
333285,20.0
333287,19.0
333405,20.0
333747,21.0
334447,19.0
335333,19.0
335655,18.0
335694,26.0
335910,19.0
335916,19.0
336103,19.0
336467,22.0
336494,19.0
336548,19.0
336813,19.0
336831,19.0
337394,23.0
338223,19.0
339018,19.0
339627,19.0
339743,19.0
339747,18.0
339982,19.0
341808,19.0
342935,19.0
342984,19.0
342991,2.0
343092,19.0
343218,20.0
343311,23.0
344478,19.0
344868,19.0
344972,22.0
345686,19.0
345753,22.0
345782,19.0
345797,19.0
346655,19.0
348818,19.0
348900,19.0
349187,23.0
349214,20.0
349254,19.0
349277,21.0
349416,24.0
349459,20.0
349520,19.0
349616,19.0
350831,22.0
350874,20.0
350881,20.0
350932,20.0
350939,19.0
350949,21.0
352110,19.0
354703,23.0
355163,19.0
355217,19.0
355545,19.0
355655,19.0
355657,20.0
355924,25.0
356329,19.0
356330,19.0
356626,21.0
357385,20.0
358180,19.0
358743,19.0
359389,19.0
364847,25.0
365162,19.0
365702,19.0
370387,21.0
370408,19.0
372969,22.0
373766,18.0
375125,20.0
375850,19.0
375888,1.0
376721,19.0
376869,18.0
377089,19.0
380214,19.0
381204,19.0
383066,43.0
385711,19.0
387016,19.0
388344,19.0
389296,19.0
389848,19.0
393934,21.0
394346,26.0
394352,36.0
394511,21.0
395886,20.0
399543,0.0
399568,21.0
399580,21.0
399642,19.0
401694,19.0
407262,19.0
408115,19.0
408728,19.0
409717,20.0
410973,19.0
411903,22.0
417309,24.0
417577,22.0
419534,19.0
426610,20.0
427470,19.0
429023,22.0
430038,19.0
430068,19.0
431544,28.0
432918,19.0
433689,19.0
435257,21.0
435857,18.0
435863,22.0
436039,19.0
438760,20.0
439601,22.0
440974,23.0
443248,19.0
443506,19.0
443560,19.0
443587,19.0
443592,19.0
443600,19.0
443646,20.0
443761,19.0
444022,
444038,18.0
444117,18.0
444291,20.0
446499,20.0
446884,17.0
447715,18.0
447793,18.0
448276,18.0
448643,19.0
448796,18.0
448882,18.0
448886,18.0
449143,18.0
449185,18.0
449667,18.0
449915,21.0
450630,22.0
450632,19.0
453350,18.0
453589,19.0
453599,19.0
455702,19.0
456220,19.0
458424,19.0
459763,21.0
461274,19.0
470058,24.0
472508,20.0
475304,19.0
475491,20.0
478022,19.0
480125,19.0
481727,23.0
495413,19.0
522016,18.0
522017,18.0
522156,18.0
523645,22.0
524627,20.0
525796,25.0
529491,18.0
539432,19.0
541718,18.0
548282,18.0
551674,22.0
564182,22.0
571063,22.0
575003,18.0
579259,17.0
581223,18.0
581251,18.0
581307,18.0
581445,18.0
581449,34.0
581610,21.0
581931,25.0
582107,18.0
582258,23.0
582280,18.0
582311,18.0
582610,19.0
583225,22.0
583449,18.0
583980,18.0
584006,18.0
584021,18.0
584033,21.0
584047,21.0
584261,18.0
584409,20.0
585197,20.0
585494,22.0
585615,19.0
585619,18.0
585642,19.0
585647,21.0
585831,18.0
585879,18.0
586882,22.0
586923,9.0
587361,18.0
588038,32.0
588072,18.0
588075,19.0
588151,0.0
588271,18.0
589545,18.0
590320,18.0
590859,18.0
590916,18.0
593143,20.0
593448,29.0
593754,20.0
594291,18.0
594416,19.0
594506,20.0
594507,19.0
594652,18.0
594657,18.0
594727,19.0
594749,28.0
594750,29.0
594795,19.0
594798,18.0
594800,21.0
594801,23.0
594822,21.0
594839,20.0
594841,26.0
594842,21.0
594844,32.0
594847,22.0
594850,24.0
594851,24.0
594858,23.0
594910,27.0
594911,30.0
594914,27.0
594935,0.0
595004,27.0
595036,28.0
595040,27.0
595085,32.0
595086,33.0
595087,32.0
595090,32.0
595091,31.0
595093,32.0
595098,19.0
595106,19.0
595109,20.0
595115,24.0
595116,33.0
595117,38.0
595118,50.0
595119,40.0
595120,30.0
595122,38.0
595123,39.0
595124,30.0
595128,
595131,40.0
595134,41.0
595142,30.0
595144,27.0
595147,40.0
595151,33.0
595152,41.0
595214,29.0
595383,22.0
595387,21.0
595406,21.0
595415,21.0
595416,22.0
595443,22.0
595444,21.0
595652,25.0
595653,25.0
595655,23.0
595672,24.0
595685,32.0
595687,32.0
595691,29.0
1735,
2267,
2595,
3974,
5758,
5951,
6159,
6229,
6252,
6335,
6338,24.0
6515,
6666,
7435,
7714,
7760,
7781,
7861,
8026,
8028,
8051,
8052,
8083,
8258,
8872,
8877,
9025,
9037,
9067,
9100,
9125,
9137,
9380,
9383,
9709,
9710,
10358,
11793,24.0
14509,
17424,
17760,
17812,
18927,
19828,23.0
19985,
20049,
20477,
20531,
20627,22.0
20643,
20804,
20846,22.0
20957,
21125,
21126,
21261,
21906,
22183,23.0
22594,
22821,
23068,
23194,
23266,
23332,
23916,
24298,
24398,
24549,25.0
24837,21.0
24858,
25307,
25717,
26267,
26498,
26619,
27730,
27748,
27749,
27892,
28341,
28343,
28366,
29856,27.0
30972,22.0
32135,24.0
32196,23.0
33299,23.0
34887,24.0
34892,42.0
36336,22.0
37025,22.0
37788,25.0
38338,24.0
38363,21.0
38572,24.0
38942,22.0
39364,29.0
39448,26.0
39456,24.0
39534,25.0
39896,26.0
40259,22.0
42346,23.0
43008,22.0
43792,21.0
44354,22.0
44650,26.0
45006,28.0
45014,21.0
45064,22.0
45169,22.0
45354,21.0
45396,24.0
45398,23.0
47037,28.0
48315,26.0
49720,27.0
49723,29.0
49746,20.0
49928,25.0
50169,24.0
50445,27.0
50842,24.0
52271,3.0
54984,21.0
56237,30.0
56243,31.0
57312,25.0
57366,21.0
57666,27.0
57908,21.0
58718,22.0
60332,26.0
62481,24.0
62753,27.0
62839,
63241,24.0
63591,24.0
64353,24.0
65914,24.0
67059,26.0
69357,27.0
69453,25.0
69572,21.0
70821,21.0
70831,21.0
71053,21.0
71057,21.0
71093,21.0
71096,26.0
71489,21.0
71500,22.0
71768,21.0
71945,21.0
72911,29.0
72919,21.0
73436,22.0
73483,21.0
73627,21.0
73698,21.0
73739,21.0
73777,21.0
73955,21.0
74062,22.0
74278,22.0
74518,28.0
74593,28.0
74597,30.0
74681,25.0
75297,28.0
75322,25.0
75465,21.0
75606,23.0
75910,21.0
76096,21.0
76701,22.0
77126,21.0
77189,21.0
77553,22.0
78244,25.0
78964,21.0
79247,21.0
79357,21.0
79578,24.0
79792,22.0
80365,22.0
81269,21.0
82184,21.0
82947,30.0
83316,26.0
83448,22.0
83502,23.0
83819,21.0
84063,24.0
84208,21.0
84251,25.0
84254,25.0
84846,21.0
85015,21.0
85097,22.0
85184,5.0
85201,27.0
85218,22.0
85510,26.0
86047,21.0
86445,20.0
86469,21.0
87646,24.0
87928,30.0
88763,22.0
89890,27.0
90604,21.0
90760,25.0
90785,21.0
91119,23.0
91179,21.0
92558,24.0
92560,25.0
93592,21.0
93847,21.0
93857,21.0
93975,21.0
94182,21.0
95064,21.0
96345,24.0
96716,22.0
96797,26.0
97198,24.0
97573,31.0
98008,23.0
98015,21.0
98902,21.0
98905,21.0
99037,25.0
99316,17.0
99562,21.0
99564,21.0
99565,21.0
100563,21.0
102758,22.0
103886,21.0
104214,21.0
104962,21.0
105002,22.0
105143,22.0
107259,22.0
107517,20.0
108497,21.0
108498,22.0
108499,21.0
108506,22.0
109212,21.0
109232,21.0
109271,21.0
109587,21.0
111701,20.0
112051,24.0
112371,21.0
113029,23.0
113404,21.0
115906,21.0
116048,22.0
116611,25.0
117827,21.0
118257,26.0
120852,25.0
121955,22.0
126608,22.0
126664,21.0
127654,21.0
129235,21.0
129411,28.0
130328,27.0
130936,21.0
131471,4.0
131970,24.0
132577,21.0
133742,22.0
133774,21.0
133777,21.0
134453,22.0
134877,20.0
135046,26.0
135494,20.0
136023,27.0
138035,29.0
138199,21.0
138369,21.0
138407,22.0
138643,20.0
141094,24.0
141139,20.0
141307,43.0
141498,21.0
142088,21.0
142671,25.0
142909,26.0
142911,26.0
142912,26.0
142913,26.0
143033,28.0
144665,22.0
146773,21.0
147166,25.0
148269,21.0
149914,19.0
150025,21.0
152017,21.0
153069,23.0
155763,27.0
155764,28.0
155906,25.0
156153,33.0
156780,25.0
157109,26.0
158706,22.0
160721,23.0
160897,29.0
160902,31.0
161821,24.0
162258,20.0
165988,25.0
166621,29.0
169382,23.0
173109,23.0
173889,30.0
174271,21.0
175989,24.0
177110,25.0
177588,32.0
178866,24.0
178953,24.0
179495,23.0
179986,20.0
180124,21.0
181026,24.0
181038,22.0
181047,25.0
181200,21.0
181212,20.0
181300,20.0
181565,22.0
182512,21.0
182515,23.0
182518,23.0
182519,22.0
182914,20.0
183033,20.0
183079,20.0
183118,20.0
183141,23.0
183197,20.0
183638,20.0
183797,20.0
183820,20.0
184076,20.0
184110,20.0
184236,20.0
184282,21.0
184317,26.0
184373,25.0
184500,20.0
184688,21.0
184785,21.0
184854,11.0
184889,21.0
184953,22.0
185576,
185648,20.0
185996,24.0
186094,23.0
186231,20.0
186260,21.0
186417,20.0
186457,20.0
186508,23.0
186806,20.0
187694,20.0
187831,20.0
187923,20.0
187990,26.0
188004,20.0
188007,20.0
188063,21.0
188087,20.0
188199,26.0
188221,24.0
188339,21.0
188372,20.0
189476,20.0
189578,20.0
189627,22.0
189641,22.0
189864,22.0
190040,21.0
190146,21.0
190416,25.0
191468,20.0
192002,22.0
192988,20.0
193479,21.0
193602,29.0
193667,23.0
194305,21.0
194307,20.0
194403,22.0
194876,26.0
195540,21.0
196394,18.0
196405,22.0
196520,21.0
196701,20.0
197256,20.0
197442,20.0
197748,19.0
197966,24.0
198016,21.0
198836,27.0
199428,20.0
199529,20.0
199930,5.0
203653,20.0
203690,20.0
203756,21.0
204941,20.0
205233,24.0
206078,24.0
206540,20.0
206678,20.0
207151,20.0
209660,25.0
210784,24.0
211122,21.0
211134,25.0
211144,23.0
211222,21.0
211227,23.0
211317,22.0
211328,21.0
211332,21.0
211576,21.0
211744,21.0
213517,18.0
214661,18.0
215861,20.0
217002,21.0
217329,20.0
217403,21.0
217809,20.0
217855,20.0
218033,21.0
218234,2.0
218317,21.0
218895,27.0
219033,25.0
219558,20.0
221885,34.0
221973,21.0
225882,20.0
225907,20.0
226307,23.0
227684,25.0
228478,20.0
229827,20.0
232105,32.0
232331,21.0
232481,22.0
232909,21.0
233168,20.0
233369,21.0
233951,24.0
234671,20.0
234819,21.0
235225,20.0
235233,20.0
236014,20.0
237793,30.0
238385,23.0
238512,19.0
239264,23.0
239316,18.0
239751,20.0
240015,24.0
240016,23.0
241015,20.0
241859,18.0
242831,19.0
243493,19.0
243882,24.0
243980,24.0
245658,23.0
246222,21.0
246878,21.0
247463,22.0
247728,26.0
248306,21.0
248616,21.0
251254,25.0
252790,21.0
252801,20.0
252902,20.0
252909,19.0
253077,20.0
253127,20.0
253260,19.0
253819,20.0
254783,19.0
254818,19.0
255220,19.0
255358,19.0
255360,19.0
255592,19.0
255593,19.0
256100,20.0
256940,20.0
257926,24.0
257969,19.0
258013,20.0
258082,20.0
258672,19.0
258679,23.0
259588,28.0
260029,23.0
260637,19.0
261843,24.0
262470,22.0
263531,24.0
263837,22.0
264150,24.0
264237,22.0
264268,24.0
264271,25.0
264295,25.0
265102,30.0
267673,24.0
267821,22.0
269148,21.0
269149,25.0
269952,24.0
270016,32.0
270021,22.0
270146,29.0
271826,20.0
272823,23.0
274720,20.0
275654,21.0
277248,29.0
277469,29.0
277731,19.0
277937,21.0
278513,19.0
278521,20.0
278585,25.0
279252,21.0
279853,18.0
280024,19.0
284409,20.0
284499,20.0
284926,22.0
285905,20.0
289481,24.0
289716,21.0
289970,22.0
290350,19.0
291596,24.0
293534,28.0
293598,24.0
297723,25.0
299087,25.0
300015,25.0
302789,27.0
304406,27.0
306011,20.0
307191,21.0
307619,25.0
308214,19.0
309551,24.0
310952,20.0
311438,24.0
312009,28.0
312345,19.0
316063,24.0
316295,22.0
319183,27.0
319952,23.0
321130,20.0
321169,24.0
322323,19.0
322466,24.0
323882,19.0
324020,24.0
324153,19.0
326638,19.0
326966,23.0
327020,19.0
328579,23.0
328628,23.0
328665,19.0
328776,19.0
328848,22.0
328857,19.0
328874,19.0
328891,20.0
329366,22.0
329593,16.0
329635,19.0
330459,19.0
330729,20.0
331119,19.0
331480,24.0
331541,19.0
331588,19.0
332481,19.0
332605,24.0
332645,19.0
333035,24.0
333113,19.0
333307,19.0
333317,19.0
333377,19.0
333411,22.0
333477,20.0
333482,20.0
333890,23.0
333909,19.0
333916,19.0
334109,1.0
334529,20.0
334829,22.0
334886,19.0
335301,20.0
335786,19.0
335895,19.0
336092,27.0
336098,19.0
338538,24.0
338649,19.0
338666,25.0
339429,18.0
339977,19.0
340149,20.0
340285,23.0
340338,20.0
340472,20.0
342646,19.0
342906,20.0
343219,20.0
344405,19.0
344420,19.0
344890,20.0
344894,19.0
345551,19.0
345578,19.0
346347,20.0
349523,23.0
349641,19.0
349645,19.0
349648,19.0
349666,19.0
350000,22.0
350050,19.0
350484,25.0
350494,25.0
350922,19.0
352059,21.0
352962,23.0
353191,18.0
354891,19.0
355522,19.0
355900,19.0
355915,19.0
357359,20.0
358184,19.0
358937,20.0
358996,19.0
359384,25.0
360206,25.0
361100,18.0
363157,19.0
363267,20.0
366279,18.0
369435,19.0
369926,19.0
370382,19.0
371642,19.0
372680,19.0
373557,23.0
373808,19.0
374046,23.0
374068,
374476,20.0
375363,20.0
375465,19.0
375495,20.0
376030,19.0
377409,20.0
378233,21.0
379365,20.0
380706,19.0
380760,20.0
380778,19.0
380814,19.0
382597,22.0
383089,22.0
383242,24.0
384116,19.0
385615,18.0
387046,19.0
387495,19.0
390298,22.0
391329,20.0
391589,19.0
392947,25.0
393855,24.0
393977,22.0
394134,24.0
394990,23.0
396809,19.0
398004,35.0
398187,19.0
398890,21.0
398981,26.0
399788,22.0
400740,19.0
401809,
402770,23.0
403737,19.0
404906,16.0
405665,19.0
406747,19.0
407434,19.0
408869,22.0
410288,19.0
410411,23.0
410551,21.0
410585,21.0
410637,21.0
412548,19.0
413192,20.0
413244,22.0
413486,19.0
413669,20.0
414980,22.0
416287,20.0
416724,22.0
417750,22.0
417801,20.0
420253,23.0
423192,23.0
423325,23.0
426694,18.0
427674,20.0
427981,19.0
427995,18.0
428746,19.0
429739,19.0
429828,25.0
430096,19.0
430106,18.0
430211,20.0
430321,21.0
430613,22.0
431929,19.0
432123,28.0
432205,22.0
432239,21.0
436610,18.0
437246,25.0
437685,18.0
438097,22.0
439039,19.0
439052,20.0
439152,19.0
440542,21.0
440550,21.0
440972,23.0
441782,18.0
442124,25.0
442917,18.0
443166,20.0
443392,19.0
443572,18.0
443575,20.0
443688,19.0
443920,19.0
443982,27.0
444008,18.0
444028,18.0
444192,0.0
444201,18.0
449106,21.0
450055,25.0
451907,18.0
453311,28.0
453324,18.0
455772,22.0
458444,28.0
463347,26.0
465408,18.0
471589,19.0
472450,26.0
473682,25.0
475764,18.0
476725,25.0
476729,25.0
476731,26.0
477438,23.0
478504,22.0
478903,34.0
479782,24.0
483448,24.0
484923,25.0
486375,19.0
487608,21.0
490556,23.0
490607,18.0
492010,21.0
497072,19.0
497683,26.0
498729,28.0
520056,23.0
526653,22.0
528212,21.0
528826,21.0
530038,29.0
536359,22.0
536546,22.0
538066,25.0
538460,22.0
539598,18.0
541385,22.0
541560,19.0
547731,23.0
550747,22.0
552088,21.0
555134,24.0
555136,22.0
555157,22.0
555276,19.0
555297,22.0
557599,22.0
558544,21.0
560237,28.0
560888,24.0
561596,22.0
561600,22.0
561614,22.0
561931,29.0
562904,
564357,22.0
565966,18.0
566769,18.0
569212,17.0
569599,29.0
574238,21.0
578228,19.0
579855,20.0
579903,22.0
579913,22.0
579932,23.0
579977,19.0
580151,25.0
580152,25.0
580164,25.0
580172,25.0
580313,21.0
580316,22.0
580317,18.0
580318,18.0
582058,21.0
582534,21.0
582799,19.0
582820,22.0
582836,18.0
582876,21.0
583184,18.0
583214,18.0
583867,19.0
584041,21.0
584046,19.0
584607,22.0
584836,0.0
585502,21.0
585554,22.0
585556,23.0
585720,18.0
585729,18.0
585874,18.0
585880,18.0
587041,18.0
587067,20.0
587562,18.0
588138,19.0
589363,20.0
590317,19.0
590986,18.0
591363,22.0
591364,18.0
591392,18.0
591446,19.0
592750,19.0
593483,18.0
594104,18.0
594252,18.0
594603,21.0
595072,20.0
595213,33.0
595381,18.0
595570,32.0
595600,0.0
595619,18.0
595634,21.0
595644,32.0
595645,18.0
595647,19.0
595704,28.0
595710,3.0
595750,28.0
595761,25.0
595956,19.0
595960,19.0
596007,19.0
596028,22.0
596029,32.0
596032,27.0
596034,25.0
596036,28.0
596038,25.0
596044,22.0
596045,27.0
596064,19.0
596066,26.0
596067,20.0
596068,19.0
596072,19.0
596076,27.0
596093,24.0
596122,21.0
596126,21.0
596133,21.0
596169,19.0
596180,30.0
596209,30.0
596226,18.0
596230,41.0
596253,18.0
596255,20.0
596259,17.0
596282,22.0
596294,18.0
596298,18.0
596299,18.0
596309,25.0
596316,18.0
596319,20.0
596320,18.0
596321,22.0
596323,24.0
596326,21.0
596337,23.0
596345,22.0
596362,28.0
596365,23.0
596369,25.0
596372,26.0
596387,21.0
596393,22.0
596422,22.0
596438,24.0
596450,19.0
596451,27.0
596453,23.0
596458,18.0
596463,22.0
596498,19.0
596507,21.0
596518,25.0
596519,23.0
596548,19.0
596550,19.0
596677,20.0
596764,27.0
596784,36.0
596790,28.0
596798,31.0
596810,23.0
596811,30.0
596828,27.0
596836,23.0
596845,25.0
596863,18.0
596864,27.0
596866,18.0
596867,29.0
596871,28.0
596884,18.0
596888,27.0
596890,27.0
596893,28.0
596897,30.0
850,25.0
3591,
4343,
4345,
7025,
7549,
7875,
7945,
7993,
8362,
9405,
10369,
11050,
11792,
12737,
13286,
13512,
14187,
14722,
19014,
19099,
19695,23.0
19720,
19725,
19757,
20309,
20340,
20360,
20411,
20431,22.0
20577,22.0
20626,
20648,
21208,
21592,
21703,
21809,21.0
21810,22.0
21812,
21890,
21902,
22016,
22092,
22341,
22501,
22984,
22995,
23417,21.0
23801,22.0
23945,
24819,
25729,
26193,
27207,
27909,
27997,
29101,25.0
29607,24.0
30630,25.0
30638,26.0
31872,23.0
32776,26.0
32777,26.0
33249,25.0
33288,25.0
34816,21.0
34871,21.0
34929,22.0
35102,24.0
35820,24.0
36722,29.0
37198,30.0
37203,30.0
37753,23.0
38013,25.0
38356,21.0
38519,29.0
38521,29.0
39436,30.0
40484,22.0
40516,22.0
40521,22.0
40589,26.0
42021,27.0
42024,3.0
42920,23.0
45052,21.0
45391,25.0
46357,21.0
46673,27.0
47411,21.0
48183,22.0
48512,25.0
48931,24.0
49427,24.0
49959,28.0
49968,26.0
50294,25.0
51501,23.0
53602,28.0
55028,28.0
55143,3.0
55571,19.0
56628,27.0
57468,28.0
58189,20.0
58726,22.0
58754,21.0
58848,25.0
60228,18.0
62445,26.0
62537,26.0
62745,27.0
62767,31.0
62768,30.0
62872,28.0
63044,23.0
63150,21.0
63663,20.0
63880,25.0
64639,31.0
64758,21.0
64935,26.0
65024,21.0
65595,22.0
65978,27.0
67064,25.0
67252,25.0
67256,28.0
68059,27.0
69049,25.0
69268,24.0
69363,26.0
69530,21.0
69773,25.0
70009,27.0
71056,22.0
71139,21.0
71199,21.0
71445,21.0
71663,21.0
71740,21.0
72184,21.0
72713,30.0
72798,25.0
72881,21.0
73016,23.0
73265,21.0
73322,21.0
73399,22.0
73702,21.0
73850,21.0
74081,21.0
74482,27.0
75021,28.0
75452,21.0
75561,21.0
75852,22.0
75941,21.0
76306,24.0
76319,24.0
76702,21.0
76754,21.0
77007,21.0
77218,22.0
77229,22.0
77543,21.0
77967,25.0
78087,20.0
78179,28.0
78229,20.0
78901,24.0
78958,21.0
79212,3.0
79229,22.0
79269,25.0
79784,21.0
79994,26.0
79995,28.0
80006,27.0
81250,25.0
81536,22.0
81765,24.0
82412,25.0
82531,29.0
82672,18.0
83658,20.0
83727,21.0
83811,24.0
83820,21.0
83859,24.0
84024,21.0
84219,24.0
84389,25.0
86181,22.0
86868,21.0
87273,
87801,25.0
88368,21.0
88762,21.0
89030,22.0
89087,20.0
90058,21.0
90261,31.0
90804,28.0
90807,29.0
90944,19.0
90945,3.0
90972,24.0
91085,21.0
91302,20.0
92333,28.0
93109,21.0
93517,25.0
93542,25.0
94792,27.0
94793,27.0
95004,29.0
95013,28.0
95438,21.0
95844,24.0
96981,20.0
96994,48.0
97178,28.0
98530,21.0
99545,24.0
100043,24.0
100229,17.0
100234,35.0
100257,25.0
100258,22.0
100259,24.0
100310,21.0
100321,25.0
105594,20.0
105609,21.0
107568,24.0
107569,25.0
107570,22.0
107634,20.0
107636,23.0
107749,25.0
108327,25.0
108699,25.0
108777,20.0
111134,30.0
111416,20.0
111508,21.0
111648,21.0
111797,21.0
111877,20.0
112935,21.0
113450,25.0
114213,20.0
114561,23.0
114610,24.0
114816,2.0
114842,21.0
116877,22.0
117528,26.0
117971,26.0
120255,24.0
121100,20.0
121808,25.0
121979,21.0
122077,28.0
122226,25.0
123787,26.0
124219,27.0
124935,27.0
130199,20.0
130346,16.0
130971,24.0
130972,24.0
131052,26.0
131293,20.0
131679,20.0
131680,23.0
131681,20.0
133197,30.0
134371,25.0
134862,29.0
135095,24.0
135719,24.0
137320,22.0
141446,21.0
142089,21.0
143261,27.0
145038,20.0
146145,24.0
146403,24.0
149374,19.0
150313,22.0
150339,58.0
150684,27.0
150687,27.0
150699,27.0
150971,24.0
151017,26.0
151043,24.0
151180,2.0
151284,21.0
151285,22.0
152039,18.0
153528,21.0
154277,30.0
154606,20.0
154609,24.0
155286,23.0
155692,25.0
156933,27.0
157055,27.0
157149,26.0
158056,30.0
158619,30.0
158792,31.0
160928,19.0
161242,23.0
161316,18.0
161326,24.0
161376,21.0
161575,31.0
162078,28.0
163239,25.0
163709,20.0
164200,22.0
165831,17.0
167022,29.0
167040,29.0
168446,25.0
169380,21.0
170075,21.0
170678,24.0
170791,21.0
171414,20.0
171464,22.0
172994,26.0
175769,25.0
177700,25.0
177912,24.0
177915,24.0
178060,2.0
179146,20.0
179706,25.0
179724,24.0
181222,20.0
181350,20.0
181423,19.0
182204,20.0
182556,21.0
182633,22.0
182634,20.0
182802,20.0
182806,20.0
182813,23.0
182814,23.0
183044,20.0
183533,20.0
183912,17.0
183918,21.0
184213,24.0
184228,20.0
184272,21.0
184616,20.0
184663,20.0
184900,21.0
184929,21.0
184991,24.0
185020,21.0
185205,24.0
185207,24.0
185211,23.0
185280,20.0
185762,21.0
185809,20.0
185867,20.0
185897,25.0
186109,22.0
186409,20.0
186485,23.0
186498,21.0
186587,21.0
186614,20.0
186635,20.0
187078,32.0
187309,20.0
187339,22.0
187341,21.0
187401,20.0
188138,20.0
188953,20.0
189123,16.0
190471,24.0
190557,20.0
191271,20.0
191288,20.0
191292,23.0
192006,20.0
192078,21.0
192595,20.0
192909,20.0
193184,20.0
193387,20.0
193876,19.0
194408,20.0
194452,20.0
194773,20.0
195041,23.0
195515,21.0
195674,25.0
196055,27.0
196342,21.0
197135,18.0
197262,24.0
197332,19.0
197723,20.0
198017,19.0
198056,21.0
198067,20.0
198096,19.0
198330,24.0
199386,21.0
200753,20.0
201910,25.0
205140,20.0
207089,20.0
207352,47.0
208530,22.0
210484,20.0
210598,29.0
210600,29.0
210603,29.0
210641,20.0
210642,20.0
211362,23.0
211572,20.0
211641,23.0
211789,21.0
211830,21.0
211930,36.0
212016,25.0
212447,21.0
212481,20.0
212553,20.0
212731,30.0
212953,17.0
212961,19.0
213006,27.0
214202,17.0
215169,20.0
216062,23.0
216433,17.0
216528,17.0
216547,20.0
216548,17.0
216828,24.0
218405,30.0
218583,23.0
218704,20.0
218731,18.0
218886,20.0
219062,15.0
220039,21.0
220330,28.0
221187,19.0
221400,22.0
221511,20.0
221513,27.0
221754,27.0
221943,28.0
223839,25.0
223997,47.0
225029,21.0
225077,29.0
225171,25.0
225285,32.0
225327,32.0
225336,24.0
225349,19.0
225600,19.0
226142,21.0
226620,21.0
228529,
230348,27.0
231775,27.0
232290,21.0
232503,25.0
234428,17.0
234512,19.0
235714,20.0
235952,19.0
236268,21.0
236444,20.0
236695,27.0
237664,47.0
238043,20.0
238351,25.0
238589,25.0
238607,19.0
238648,22.0
238653,22.0
241666,21.0
241806,22.0
241989,25.0
241999,29.0
242174,19.0
242450,21.0
243772,26.0
243807,19.0
243896,19.0
244217,14.0
245202,21.0
245923,19.0
247075,29.0
248258,20.0
249323,20.0
249794,22.0
250015,23.0
250744,28.0
251072,20.0
251073,20.0
251221,24.0
251250,25.0
253430,20.0
254243,24.0
254949,18.0
255226,27.0
255349,19.0
255378,19.0
255392,20.0
255437,19.0
255498,19.0
256605,19.0
256842,20.0
256994,60.0
257357,21.0
257358,21.0
257974,19.0
258088,19.0
258227,23.0
258560,21.0
258580,26.0
258685,24.0
258694,19.0
258705,24.0
258799,24.0
259468,28.0
260475,43.0
261552,25.0
261570,19.0
262111,58.0
264337,27.0
270765,23.0
271084,22.0
271737,22.0
273592,21.0
275368,27.0
275388,39.0
278003,19.0
278421,30.0
278478,24.0
278840,34.0
281072,19.0
281823,21.0
281828,20.0
282584,22.0
283863,25.0
286849,24.0
287290,16.0
288236,25.0
288338,23.0
289986,26.0
290087,29.0
291691,27.0
291755,23.0
293446,18.0
294828,19.0
295768,19.0
297211,28.0
297664,19.0
297668,20.0
298559,24.0
298743,26.0
298846,34.0
300409,24.0
300425,20.0
301296,27.0
302692,24.0
303945,22.0
304604,23.0
304688,25.0
305980,20.0
307867,25.0
308761,29.0
309604,25.0
309666,26.0
310278,28.0
311955,21.0
312346,18.0
315945,20.0
316017,23.0
317088,21.0
317991,19.0
318263,27.0
318656,30.0
318952,22.0
320070,29.0
320163,29.0
320474,25.0
320497,24.0
320549,23.0
321645,29.0
321649,19.0
321770,19.0
322441,27.0
322594,25.0
322732,29.0
323417,19.0
323977,19.0
325134,19.0
326137,25.0
326858,27.0
326971,23.0
327163,25.0
327572,24.0
327855,20.0
328069,22.0
328421,19.0
328423,19.0
328629,19.0
328632,19.0
328660,20.0
328667,19.0
328895,19.0
329524,18.0
329813,19.0
331175,20.0
331268,20.0
331340,20.0
331385,19.0
331537,20.0
331777,22.0
332357,17.0
332457,22.0
332699,20.0
332722,20.0
332724,24.0
333255,19.0
333466,23.0
333859,22.0
333860,23.0
333912,19.0
333926,19.0
333929,20.0
333979,21.0
334019,20.0
335669,24.0
335789,19.0
336465,27.0
339000,19.0
339535,22.0
339542,19.0
339974,19.0
340353,22.0
341083,20.0
342974,19.0
343146,19.0
343353,21.0
343707,24.0
344770,19.0
344951,20.0
345069,26.0
345547,25.0
345746,19.0
345747,22.0
345774,1.0
345976,19.0
346293,33.0
347209,21.0
347590,15.0
350772,20.0
350877,19.0
351102,23.0
352996,19.0
353407,19.0
353457,20.0
355109,20.0
357187,23.0
357387,20.0
357428,22.0
358525,23.0
360523,24.0
363372,24.0
363839,19.0
364375,26.0
364907,24.0
365287,20.0
366031,23.0
366054,21.0
366056,15.0
366061,25.0
366220,25.0
367313,19.0
367457,32.0
369020,23.0
369403,23.0
369610,18.0
370234,22.0
371646,19.0
371909,1.0
371911,18.0
371915,22.0
372079,21.0
372764,24.0
373754,28.0
373767,17.0
373832,22.0
373970,19.0
374148,20.0
374680,19.0
377069,28.0
377999,19.0
378039,21.0
378231,23.0
379221,21.0
381508,24.0
382928,19.0
384973,28.0
386179,21.0
389381,19.0
391568,21.0
391829,19.0
393508,16.0
394672,22.0
395698,20.0
395911,18.0
397715,29.0
398166,29.0
398846,16.0
399419,19.0
399425,27.0
399829,19.0
401148,22.0
402541,26.0
402645,26.0
405581,26.0
409165,19.0
409196,24.0
410552,20.0
412106,22.0
412221,25.0
412222,15.0
412224,23.0
412337,19.0
412522,27.0
414646,32.0
414647,29.0
415434,16.0
419730,20.0
421604,22.0
424146,21.0
424220,26.0
426736,22.0
426815,19.0
427893,20.0
430896,25.0
431566,19.0
431764,18.0
432136,24.0
436290,25.0
436745,15.0
436793,105.0
437574,26.0
441150,18.0
441775,29.0
442299,21.0
442525,24.0
442986,20.0
444057,20.0
444177,22.0
448896,28.0
450135,18.0
450323,15.0
450400,26.0
451639,16.0
453301,18.0
453306,18.0
453409,25.0
453434,19.0
453583,18.0
454011,33.0
454244,
455482,18.0
455647,24.0
455711,26.0
455917,19.0
456211,24.0
459245,24.0
459523,30.0
463336,24.0
466234,19.0
467084,18.0
468156,33.0
469041,25.0
471257,21.0
471652,24.0
472806,22.0
473711,20.0
476939,22.0
476990,20.0
479164,28.0
483452,30.0
483597,30.0
483975,0.0
483982,19.0
484184,20.0
484802,19.0
486654,22.0
486723,19.0
488118,26.0
489218,21.0
491704,30.0
493851,28.0
494451,22.0
494977,19.0
496600,25.0
497321,23.0
499340,23.0
508719,26.0
510149,22.0
510993,0.0
511569,24.0
511714,27.0
514088,
518299,23.0
518555,16.0
520312,26.0
520314,28.0
522232,18.0
525908,58.0
526194,19.0
526468,25.0
529820,22.0
535044,25.0
536379,18.0
538458,22.0
538495,21.0
540908,25.0
540924,24.0
540949,26.0
541979,25.0
544679,22.0
546390,24.0
550619,27.0
551172,30.0
551584,23.0
551585,23.0
555310,31.0
555612,19.0
558398,25.0
558433,28.0
565963,22.0
566407,19.0
566546,35.0
566687,22.0
569622,24.0
571992,15.0
572373,28.0
574422,21.0
577178,23.0
578000,17.0
578222,19.0
580232,22.0
580315,18.0
580428,19.0
580432,19.0
582385,27.0
582705,18.0
582766,20.0
582788,19.0
582794,19.0
584025,22.0
584118,18.0
584125,18.0
584331,19.0
584445,18.0
584502,18.0
584503,18.0
584539,23.0
584570,21.0
585608,19.0
585712,18.0
585724,22.0
585751,22.0
585795,19.0
587704,22.0
588253,18.0
589026,26.0
591133,21.0
591208,18.0
591786,18.0
593047,21.0
593105,32.0
593449,18.0
593940,27.0
594048,19.0
595008,25.0
595183,29.0
595261,28.0
595435,19.0
596492,28.0
596553,18.0
596904,30.0
596911,22.0
596934,18.0
596937,19.0
596938,32.0
596954,32.0
597104,23.0
597105,22.0
597106,23.0
597112,23.0
597140,23.0
597144,23.0
597178,23.0
597185,24.0
597208,19.0
597210,24.0
597211,24.0
597282,17.0
597287,23.0
597296,27.0
597298,
597312,23.0
597315,31.0
597339,24.0
597343,24.0
597344,24.0
597345,24.0
597357,26.0
597366,26.0
597369,26.0
597372,26.0
597377,24.0
597378,26.0
597379,26.0
597387,26.0
597392,19.0
597393,20.0
597394,18.0
597460,28.0
597536,18.0
597566,23.0
597582,25.0
597603,25.0
597604,27.0
597612,24.0
597616,19.0
597625,24.0
597640,30.0
597648,19.0
597674,28.0
597699,20.0
597700,20.0
597713,21.0
597718,19.0
597726,25.0
597747,18.0
597768,19.0
597782,18.0
597792,23.0
597803,18.0
597806,22.0
597809,22.0
597810,18.0
597823,47.0
597829,19.0
597844,24.0
597855,25.0
597889,27.0
597893,20.0
597927,36.0
597937,34.0
597984,18.0
597986,30.0
598019,28.0
598020,29.0
598021,30.0
598023,0.0
598025,28.0
598030,30.0
598037,28.0
598038,24.0
598054,22.0
598056,21.0
598061,25.0
598088,17.0
598151,24.0
598161,26.0
598298,18.0
1761,
6031,23.0
6309,
6419,
6434,
6438,
6513,
6771,
7505,
7918,
7957,
7978,
7981,
8085,
8248,
8697,
9020,
9034,
9265,
9329,
9799,
10611,
13473,
16273,
17823,27.0
18195,
18473,
19365,
19491,
19691,
19758,24.0
19787,
20107,
20267,
20287,
20518,
20564,
20607,
20609,
20624,
21088,
21135,22.0
21260,
21262,
21415,
21469,
21934,
22583,
22588,
22602,
22614,
22627,
22743,23.0
22823,
22848,
22909,
23082,23.0
23367,
23371,
23378,
23819,
24219,
24288,
24290,
24297,
24693,
24863,
24904,
25235,
25706,
26282,
27220,
27504,
27904,
27998,
29345,29.0
30655,29.0
30659,31.0
30747,24.0
31182,28.0
32179,23.0
32754,27.0
34464,22.0
34642,22.0
36078,25.0
37165,25.0
37221,26.0
37724,22.0
37776,22.0
37877,21.0
38056,22.0
38326,24.0
38327,24.0
38440,24.0
39051,26.0
39078,29.0
39505,23.0
39525,26.0
39835,22.0
40458,3.0
41176,23.0
41649,24.0
41776,21.0
41910,21.0
42604,21.0
43691,25.0
44676,21.0
44904,22.0
45106,27.0
45403,22.0
46341,23.0
47219,22.0
47622,25.0
48481,28.0
52152,23.0
52703,22.0
52849,24.0
53209,22.0
54499,24.0
55072,22.0
55516,21.0
57588,24.0
59300,21.0
60533,25.0
60581,26.0
63292,24.0
63603,25.0
65593,27.0
65955,24.0
66661,22.0
66706,22.0
69487,24.0
69647,21.0
69682,22.0
69980,32.0
70802,21.0
70817,21.0
71035,21.0
71430,21.0
71721,21.0
72166,23.0
72186,21.0
72682,21.0
72706,21.0
72749,22.0
72758,21.0
72808,21.0
72815,22.0
72850,21.0
72876,24.0
73304,21.0
73522,21.0
73670,24.0
74082,21.0
74301,24.0
74690,22.0
75720,21.0
75935,21.0
76071,21.0
76104,21.0
76694,21.0
77035,24.0
77458,23.0
77827,23.0
78314,25.0
78551,21.0
78604,26.0
78737,21.0
78917,20.0
79064,24.0
79072,23.0
79169,27.0
79430,27.0
80273,21.0
80762,23.0
80960,21.0
81585,25.0
82459,21.0
82500,23.0
82860,21.0
82865,3.0
83348,21.0
83479,21.0
84393,24.0
84578,21.0
84796,25.0
84831,21.0
84953,22.0
85134,22.0
85222,23.0
85601,23.0
85677,23.0
85774,23.0
86805,25.0
87880,25.0
87961,25.0
88278,21.0
90344,20.0
91264,21.0
91441,21.0
91683,21.0
91691,21.0
91965,25.0
92945,22.0
93022,21.0
93375,20.0
94221,21.0
94404,21.0
94405,21.0
94406,21.0
94416,21.0
94417,21.0
95930,29.0
97031,26.0
97392,24.0
98591,21.0
98669,21.0
98891,24.0
99052,28.0
99802,21.0
99918,25.0
100054,23.0
100230,17.0
103656,22.0
104095,23.0
104725,21.0
105645,2.0
106296,23.0
106461,23.0
107881,22.0
108590,20.0
110006,23.0
110644,22.0
110833,20.0
111111,21.0
111463,21.0
111623,25.0
111680,20.0
111684,20.0
111689,21.0
111690,21.0
111855,24.0
112226,21.0
112587,44.0
113167,20.0
113431,20.0
114200,23.0
115488,23.0
115537,22.0
117310,22.0
117458,22.0
119113,21.0
120746,20.0
121038,23.0
122500,22.0
122580,21.0
124028,25.0
124565,24.0
124566,26.0
126210,23.0
126757,20.0
128377,21.0
130899,21.0
131245,22.0
131573,23.0
133769,21.0
135754,21.0
136915,21.0
138770,21.0
140224,21.0
141078,21.0
141224,21.0
141232,21.0
141233,21.0
141469,21.0
144029,26.0
148791,20.0
149108,24.0
150657,24.0
151067,19.0
151131,27.0
151477,27.0
151501,24.0
154855,22.0
155796,25.0
157975,20.0
159419,24.0
159421,25.0
159422,24.0
160533,23.0
160701,22.0
164612,20.0
165481,23.0
165569,24.0
165639,22.0
166716,25.0
169088,22.0
169389,20.0
169707,23.0
172960,24.0
174015,20.0
176585,22.0
177064,25.0
178471,20.0
179798,24.0
179898,19.0
180653,21.0
181495,20.0
181806,20.0
182004,20.0
182788,20.0
182809,20.0
182891,
183089,20.0
183428,20.0
183621,20.0
183831,22.0
183997,20.0
184029,20.0
184062,20.0
184133,20.0
184181,20.0
184264,20.0
184267,21.0
184269,23.0
184448,30.0
184773,20.0
184793,20.0
184817,25.0
184864,20.0
184874,20.0
184945,20.0
185040,20.0
185132,20.0
185511,21.0
185619,20.0
185827,20.0
185961,20.0
186259,20.0
186333,21.0
186612,20.0
187373,21.0
187945,2.0
187998,21.0
188009,21.0
188011,22.0
188125,20.0
188802,21.0
189259,27.0
189278,24.0
189504,20.0
189531,23.0
189624,23.0
190354,19.0
190411,23.0
190506,23.0
191755,21.0
192562,20.0
192578,23.0
192852,20.0
192893,20.0
193301,20.0
193950,23.0
193956,20.0
194200,20.0
194234,25.0
194887,22.0
194918,25.0
195259,31.0
195440,21.0
195600,20.0
195653,20.0
196666,24.0
197050,20.0
197136,24.0
197337,21.0
197949,22.0
200120,26.0
200890,20.0
201754,21.0
202309,20.0
202396,20.0
203044,27.0
204372,21.0
205074,22.0
205195,25.0
205722,20.0
206846,22.0
206984,20.0
207225,23.0
208854,20.0
210442,5.0
210875,21.0
211002,16.0
212241,24.0
212517,21.0
213899,20.0
215538,20.0
215964,21.0
216627,20.0
217170,20.0
217187,24.0
217987,20.0
218267,20.0
218708,24.0
218858,20.0
219644,24.0
220716,20.0
220759,20.0
220896,21.0
221586,24.0
221835,26.0
222264,21.0
222469,21.0
222623,21.0
223025,19.0
223511,23.0
223977,27.0
225583,20.0
225658,21.0
225829,25.0
226255,22.0
226426,1.0
226717,25.0
227274,21.0
228174,19.0
228993,20.0
229609,23.0
229823,20.0
230665,21.0
231550,28.0
232074,23.0
232099,21.0
232391,22.0
232595,24.0
233112,21.0
233153,20.0
233187,21.0
233902,24.0
234297,21.0
235012,23.0
235932,21.0
237014,20.0
237275,27.0
238945,23.0
239466,24.0
239651,19.0
241469,25.0
241665,24.0
244216,19.0
244968,22.0
245616,24.0
245856,21.0
246392,19.0
246399,21.0
246424,19.0
246427,24.0
246547,20.0
246633,21.0
246838,21.0
246934,22.0
247489,25.0
249912,21.0
249943,21.0
250060,19.0
251055,20.0
251912,23.0
252184,19.0
253181,19.0
253358,23.0
253653,26.0
253668,19.0
254014,24.0
254474,24.0
254621,19.0
255107,19.0
255242,19.0
255913,20.0
256106,19.0
257837,19.0
258898,21.0
259657,20.0
259934,21.0
261956,23.0
262215,22.0
262285,21.0
262658,20.0
263220,24.0
263536,18.0
263780,19.0
264336,25.0
264343,24.0
265242,19.0
265670,23.0
268901,21.0
269093,21.0
270825,23.0
270826,23.0
270969,20.0
271413,20.0
271709,21.0
272100,23.0
275178,18.0
275575,21.0
275761,20.0
278510,19.0
279187,24.0
279298,20.0
280291,23.0
280319,21.0
280478,30.0
280826,21.0
280838,19.0
284610,20.0
284675,20.0
285070,21.0
285620,19.0
286718,21.0
287484,22.0
288972,18.0
289010,19.0
289014,22.0
289275,20.0
289528,21.0
289726,21.0
291107,26.0
291510,23.0
291637,19.0
292244,27.0
293980,19.0
294982,19.0
295231,19.0
296336,23.0
297496,26.0
297506,25.0
301780,18.0
305154,22.0
305778,27.0
306251,19.0
307228,20.0
307604,8.0
307752,22.0
307757,23.0
308242,19.0
309151,21.0
310133,19.0
310635,20.0
310722,21.0
311111,24.0
312677,22.0
315870,25.0
317150,28.0
317462,19.0
320618,23.0
321351,21.0
323484,22.0
323526,19.0
323747,19.0
323783,19.0
325068,1.0
325127,19.0
325129,23.0
326537,19.0
326619,25.0
326965,39.0
327272,26.0
328313,19.0
328600,19.0
328678,21.0
328690,20.0
328715,19.0
328764,19.0
328790,19.0
328868,19.0
330085,19.0
330120,19.0
330130,19.0
330552,20.0
330554,25.0
330677,18.0
330932,19.0
331096,19.0
331166,19.0
331783,19.0
331877,19.0
331966,19.0
332703,21.0
332843,19.0
333433,23.0
333608,19.0
333877,22.0
333881,24.0
334004,21.0
334061,25.0
335898,20.0
335900,20.0
336097,21.0
337623,19.0
338250,19.0
338410,19.0
338558,21.0
338806,19.0
339631,19.0
339690,19.0
339703,20.0
339718,19.0
339729,19.0
339966,25.0
339978,20.0
339979,19.0
340601,19.0
342703,18.0
342704,19.0
342980,19.0
342985,19.0
343019,20.0
343686,20.0
344005,1.0
344304,25.0
346670,19.0
349647,21.0
350017,19.0
350072,19.0
350205,19.0
350970,19.0
352999,19.0
353155,22.0
355066,19.0
355067,22.0
355543,21.0
355594,20.0
355608,19.0
355999,19.0
358007,25.0
358223,20.0
358530,15.0
358802,19.0
358960,15.0
359220,46.0
360930,24.0
364132,21.0
365084,0.0
366243,20.0
366273,19.0
366527,19.0
367272,19.0
367558,19.0
368791,27.0
369735,25.0
369809,25.0
372585,19.0
373510,19.0
374056,25.0
374908,19.0
375343,18.0
375476,19.0
375848,19.0
377007,19.0
377231,19.0
377242,19.0
377823,23.0
378813,27.0
379954,20.0
379962,19.0
382750,22.0
384024,19.0
384863,19.0
385937,21.0
389019,21.0
389371,21.0
389520,19.0
389690,20.0
392027,19.0
392709,18.0
393127,25.0
393700,24.0
394032,21.0
394083,19.0
395512,26.0
395636,22.0
399180,20.0
400710,21.0
401181,19.0
401803,19.0
402691,28.0
402705,24.0
403083,23.0
403087,24.0
403594,19.0
408479,19.0
408499,19.0
411154,18.0
411902,19.0
412414,19.0
412877,19.0
416421,22.0
418531,22.0
423338,24.0
424130,23.0
429465,15.0
430121,20.0
430400,19.0
433700,21.0
434649,21.0
436143,23.0
436208,24.0
436487,19.0
436954,21.0
437597,19.0
438747,20.0
438853,20.0
440487,27.0
441295,18.0
441466,19.0
442128,25.0
442397,23.0
442503,19.0
443577,19.0
443579,19.0
443746,3.0
444019,19.0
444586,21.0
445847,19.0
447160,22.0
447972,21.0
448599,18.0
450218,21.0
450654,19.0
451212,21.0
452008,18.0
452258,19.0
452724,22.0
453368,18.0
453742,20.0
453953,23.0
453986,21.0
454154,19.0
456129,18.0
458361,24.0
458735,19.0
459483,29.0
459530,22.0
460066,20.0
464933,30.0
470307,19.0
471440,24.0
471478,24.0
471981,19.0
472407,18.0
473714,19.0
473718,25.0
477352,22.0
477694,22.0
479301,20.0
480964,19.0
483704,21.0
485084,21.0
485682,18.0
490454,20.0
490460,20.0
490657,19.0
490927,18.0
491121,21.0
491726,19.0
492325,23.0
492431,22.0
492988,20.0
494852,20.0
495089,20.0
495316,24.0
496517,0.0
497032,20.0
499521,0.0
500096,21.0
504440,27.0
505468,22.0
511529,28.0
511784,18.0
513716,23.0
513729,20.0
517667,18.0
521478,18.0
525000,30.0
526198,19.0
526466,22.0
526514,25.0
527667,21.0
533211,22.0
534459,27.0
538292,26.0
539384,18.0
541025,19.0
541090,18.0
541269,19.0
543334,19.0
550781,23.0
551669,22.0
552612,19.0
555199,18.0
555228,19.0
556795,23.0
557724,20.0
557845,23.0
565517,22.0
566555,27.0
566915,18.0
569856,22.0
570206,24.0
572281,20.0
572741,21.0
575678,18.0
577478,0.0
578217,18.0
578662,18.0
580069,21.0
580253,23.0
580476,18.0
582077,19.0
582398,19.0
582575,19.0
582777,18.0
582818,23.0
583181,18.0
583275,19.0
583305,18.0
583512,18.0
584379,18.0
584455,22.0
584461,18.0
585566,20.0
585685,26.0
587962,18.0
588792,18.0
589418,23.0
591460,18.0
591461,18.0
592811,18.0
592816,19.0
592867,25.0
593514,18.0
595301,18.0
596172,18.0
596429,19.0
596435,18.0
596500,18.0
596667,18.0
596850,34.0
596895,29.0
597675,19.0
597682,6.0
597751,21.0
597882,24.0
597888,24.0
597897,23.0
597945,18.0
597950,18.0
598087,18.0
598227,22.0
598271,21.0
598279,18.0
598294,31.0
598295,31.0
598299,19.0
598341,24.0
598344,24.0
598349,22.0
598361,26.0
598374,27.0
598380,22.0
598392,18.0
598399,24.0
598415,18.0
598423,26.0
598431,19.0
598447,23.0
598451,27.0
598457,24.0
598460,24.0
598465,24.0
598469,18.0
598474,24.0
598475,26.0
598476,18.0
598488,18.0
598497,18.0
598502,18.0
598503,34.0
598506,23.0
598509,52.0
598512,35.0
598518,36.0
598520,35.0
598522,36.0
598524,23.0
598541,0.0
598542,24.0
598547,24.0
598548,23.0
598549,23.0
598551,24.0
598552,26.0
598559,29.0
598560,32.0
598564,18.0
598568,27.0
598569,30.0
598587,27.0
598600,23.0
598620,19.0
598622,18.0
598626,18.0
598652,0.0
598657,21.0
598664,24.0
598673,18.0
598684,18.0
598695,26.0
598696,25.0
598698,24.0
598704,25.0
598713,25.0
598720,26.0
598721,29.0
598722,25.0
598725,28.0
598726,20.0
598733,21.0
598734,23.0
598740,23.0
598751,22.0
598753,24.0
598757,27.0
598760,28.0
598767,23.0
598789,30.0
598800,46.0
598802,21.0
598803,21.0
598804,28.0
598824,22.0
598826,22.0
598836,18.0
598851,27.0
598874,26.0
598882,26.0
598888,19.0
598912,20.0
598915,25.0
598921,18.0
598923,19.0
598931,19.0
598933,25.0
598953,20.0
598976,18.0
598983,18.0
598990,18.0
599002,22.0
599004,19.0
599005,18.0
599014,18.0
599020,18.0
599022,21.0
599027,21.0
599039,19.0
599042,22.0
599045,18.0
599047,19.0
599080,18.0
599083,25.0
599088,20.0
599092,19.0
599123,22.0
599131,23.0
599146,21.0
599149,29.0
599151,25.0
599167,21.0
599174,24.0
599175,30.0
599196,27.0
599197,18.0
599198,18.0
599200,18.0
599202,18.0
599203,18.0
599209,18.0
599241,23.0
599247,20.0
599251,27.0
599252,25.0
599253,24.0
599258,18.0
599291,21.0
599294,21.0
599301,19.0
599359,20.0
599367,20.0
599371,19.0
599375,21.0
599381,21.0
6620,23.0
6863,
6864,
9202,
9231,
9438,
10119,
19685,23.0
20586,
20764,
20962,23.0
22436,
22793,
26580,
29693,25.0
31795,26.0
36548,22.0
38409,25.0
38513,23.0
38634,23.0
39201,25.0
54092,21.0
57337,25.0
57903,21.0
68125,25.0
69832,21.0
70827,21.0
73789,30.0
76696,23.0
77487,21.0
77527,21.0
78419,22.0
78699,22.0
81255,24.0
82049,24.0
85506,21.0
86751,21.0
91470,21.0
93859,25.0
95164,22.0
95751,21.0
98945,21.0
100206,21.0
100553,20.0
104641,21.0
105232,21.0
105321,22.0
106127,24.0
106239,23.0
109220,22.0
109226,22.0
112212,21.0
114458,21.0
118699,5.0
127265,21.0
139132,21.0
139477,21.0
142081,21.0
148888,21.0
149799,19.0
154023,23.0
155371,21.0
161706,2.0
164456,26.0
175391,23.0
181277,21.0
182421,20.0
182509,21.0
184004,20.0
184249,21.0
184294,21.0
188010,20.0
191684,21.0
191910,23.0
194336,22.0
194709,21.0
195533,21.0
196640,20.0
196861,20.0
197128,24.0
197137,24.0
197141,24.0
205249,20.0
206869,21.0
209257,19.0
210339,21.0
218602,20.0
219470,20.0
219502,21.0
220512,20.0
222217,20.0
222794,23.0
223581,25.0
223849,23.0
223961,24.0
227607,20.0
231195,24.0
233377,19.0
233509,21.0
234335,19.0
234898,22.0
235390,20.0
235481,21.0
239543,23.0
243696,25.0
244208,24.0
248555,20.0
249859,20.0
249919,25.0
250511,19.0
250773,24.0
251289,22.0
253493,21.0
255721,21.0
256013,19.0
257678,20.0
258601,20.0
258607,20.0
258937,21.0
259996,24.0
262501,21.0
273673,22.0
273821,19.0
275139,21.0
277018,19.0
279253,19.0
280992,21.0
281194,20.0
286148,20.0
286572,20.0
297070,23.0
301270,23.0
301438,23.0
305019,21.0
305188,28.0
308519,27.0
311387,20.0
316225,25.0
317475,26.0
317708,24.0
322641,20.0
323472,20.0
327051,1.0
328205,21.0
328657,19.0
328672,19.0
328674,19.0
328882,20.0
331482,20.0
332571,20.0
332634,19.0
332638,19.0
334108,19.0
334506,19.0
334522,22.0
334523,23.0
335388,19.0
338341,21.0
339711,19.0
339739,19.0
339920,19.0
342970,19.0
347104,24.0
347275,19.0
351639,24.0
353282,20.0
356320,19.0
357637,18.0
360716,22.0
364629,24.0
367376,21.0
367393,21.0
367407,19.0
371661,22.0
372701,18.0
372979,25.0
373349,21.0
374058,21.0
380188,20.0
380569,18.0
383049,20.0
383791,19.0
384715,24.0
390400,19.0
390645,19.0
391422,19.0
393203,19.0
395304,23.0
398425,21.0
399492,21.0
399636,19.0
408744,18.0
410087,19.0
427445,19.0
428544,21.0
429938,20.0
429962,20.0
430025,20.0
437599,22.0
447963,18.0
448797,18.0
450529,19.0
453611,18.0
471531,25.0
481720,22.0
485303,21.0
485304,22.0
487316,21.0
487876,23.0
490510,19.0
494730,18.0
498376,28.0
500414,18.0
521283,23.0
530499,28.0
536641,27.0
536724,28.0
544785,28.0
545297,22.0
547905,25.0
566715,20.0
571857,19.0
580150,23.0
580183,23.0
583487,18.0
585627,19.0
585964,21.0
585965,21.0
587492,19.0
587737,21.0
587738,23.0
589271,19.0
594734,18.0
596743,28.0
597164,19.0
598225,19.0
598287,19.0
598314,19.0
598398,18.0
598428,27.0
598619,25.0
598830,22.0
599003,18.0
599212,21.0
599250,20.0
599315,19.0
599380,21.0
599390,20.0
599395,23.0
599400,23.0
599451,20.0
599465,19.0
599466,19.0
599467,19.0
599541,25.0
599564,22.0
599571,23.0
599582,21.0
599636,19.0
599639,21.0
599640,19.0
599641,20.0
599642,21.0
599643,21.0
599646,19.0
599650,18.0
599701,28.0
599758,18.0
599776,21.0
599782,18.0
599809,18.0
599810,18.0
599811,18.0
599812,0.0
599813,20.0
599825,27.0
